ETS2g1_UP,ETS2g1_DN,CHR21_DN,CHR21_UP,ETS2g2_UP,ETS2g2_DN
ENSG00000212789,ENSG00000157557,ENSG00000137462,ENSG00000175197,ENSG00000234289,ENSG00000131018
ENSG00000213442,ENSG00000106034,ENSG00000170345,ENSG00000234297,ENSG00000136536,ENSG00000259207
ENSG00000152582,ENSG00000131018,ENSG00000148926,ENSG00000105810,ENSG00000106829,ENSG00000164691
ENSG00000142002,ENSG00000104894,ENSG00000131042,ENSG00000227081,ENSG00000163682,ENSG00000197046
ENSG00000121769,ENSG00000143110,ENSG00000186407,ENSG00000233328,ENSG00000264364,ENSG00000239697
ENSG00000196428,ENSG00000104043,ENSG00000152229,ENSG00000164236,ENSG00000235508,ENSG00000050405
ENSG00000103353,ENSG00000064886,ENSG00000187116,ENSG00000117298,ENSG00000020633,ENSG00000111961
ENSG00000065150,ENSG00000164691,ENSG00000244682,ENSG00000065809,ENSG00000138279,ENSG00000104894
ENSG00000168497,ENSG00000111961,ENSG00000177575,ENSG00000113719,ENSG00000208892,ENSG00000149131
ENSG00000143457,ENSG00000139572,ENSG00000185432,ENSG00000227063,ENSG00000150593,ENSG00000161955
ENSG00000234745,ENSG00000132965,ENSG00000186815,ENSG00000121552,ENSG00000147854,ENSG00000175471
ENSG00000105640,ENSG00000115008,ENSG00000162711,ENSG00000106070,ENSG00000130826,ENSG00000251230
ENSG00000244021,ENSG00000161955,ENSG00000104972,ENSG00000240342,ENSG00000102226,ENSG00000197471
ENSG00000147403,ENSG00000105383,ENSG00000165092,ENSG00000136938,ENSG00000167881,ENSG00000168461
ENSG00000139725,ENSG00000259207,ENSG00000179630,ENSG00000249855,ENSG00000137500,ENSG00000155629
ENSG00000210049,ENSG00000175471,ENSG00000171049,ENSG00000057704,ENSG00000087303,ENSG00000104043
ENSG00000112983,ENSG00000239697,ENSG00000249437,ENSG00000173812,ENSG00000175886,ENSG00000143369
ENSG00000122068,ENSG00000185905,ENSG00000155926,ENSG00000262074,ENSG00000055070,ENSG00000132965
ENSG00000234287,ENSG00000277632,ENSG00000124731,ENSG00000151846,ENSG00000236972,ENSG00000106034
ENSG00000106617,ENSG00000143369,ENSG00000167613,ENSG00000213853,ENSG00000025772,ENSG00000005844
ENSG00000186187,ENSG00000154122,ENSG00000162745,ENSG00000171792,ENSG00000122026,ENSG00000198829
ENSG00000198954,ENSG00000163220,ENSG00000127951,ENSG00000117595,ENSG00000122862,ENSG00000113140
ENSG00000273514,ENSG00000113140,ENSG00000143119,ENSG00000175505,ENSG00000120685,ENSG00000134516
ENSG00000172058,ENSG00000005844,ENSG00000101347,ENSG00000182899,ENSG00000168256,ENSG00000075303
ENSG00000138757,ENSG00000159314,ENSG00000105383,ENSG00000107223,ENSG00000237350,ENSG00000143110
ENSG00000180758,ENSG00000251230,ENSG00000119681,ENSG00000107021,ENSG00000213551,ENSG00000102755
ENSG00000244716,ENSG00000168461,ENSG00000072694,ENSG00000099204,ENSG00000244716,ENSG00000139629
ENSG00000185721,ENSG00000125810,ENSG00000132274,ENSG00000143575,ENSG00000135378,ENSG00000183023
ENSG00000115806,ENSG00000197046,ENSG00000204472,ENSG00000226067,ENSG00000128881,ENSG00000145335
ENSG00000179523,ENSG00000135048,ENSG00000140749,ENSG00000263266,ENSG00000206337,ENSG00000187193
ENSG00000042088,ENSG00000182541,ENSG00000163735,ENSG00000253341,ENSG00000125534,ENSG00000167528
ENSG00000123892,ENSG00000179630,ENSG00000143226,ENSG00000008710,ENSG00000236058,ENSG00000133574
ENSG00000065060,ENSG00000167528,ENSG00000132514,ENSG00000152409,ENSG00000167965,ENSG00000179630
ENSG00000055130,ENSG00000155629,ENSG00000169896,ENSG00000265735,ENSG00000198380,ENSG00000135048
ENSG00000196419,ENSG00000145335,ENSG00000113070,ENSG00000158747,ENSG00000226221,ENSG00000050438
ENSG00000236552,ENSG00000166068,ENSG00000111348,ENSG00000235508,ENSG00000273514,ENSG00000163171
ENSG00000107566,ENSG00000183023,ENSG00000132334,ENSG00000218426,ENSG00000171314,ENSG00000139572
ENSG00000122862,ENSG00000150337,ENSG00000125810,ENSG00000209082,ENSG00000221983,ENSG00000139436
ENSG00000176619,ENSG00000135636,ENSG00000185862,ENSG00000117461,ENSG00000196655,ENSG00000154122
ENSG00000173065,ENSG00000167613,ENSG00000144959,ENSG00000116212,ENSG00000253831,ENSG00000114541
ENSG00000204160,ENSG00000163735,ENSG00000033627,ENSG00000103495,ENSG00000270882,ENSG00000185722
ENSG00000196850,ENSG00000271503,ENSG00000136869,ENSG00000270872,ENSG00000146540,ENSG00000121858
ENSG00000156411,ENSG00000108984,ENSG00000145335,ENSG00000102524,ENSG00000113387,ENSG00000101000
ENSG00000105176,ENSG00000091831,ENSG00000133574,ENSG00000160200,ENSG00000132846,ENSG00000159314
ENSG00000076554,ENSG00000268500,ENSG00000244405,ENSG00000167965,ENSG00000176095,ENSG00000023892
ENSG00000180530,ENSG00000050438,ENSG00000126860,ENSG00000100139,ENSG00000132286,ENSG00000107201
ENSG00000189159,ENSG00000183762,ENSG00000075151,ENSG00000176903,ENSG00000201104,ENSG00000033627
ENSG00000137814,ENSG00000121858,ENSG00000197471,ENSG00000128272,ENSG00000136699,ENSG00000118855
ENSG00000227347,ENSG00000177575,ENSG00000165168,ENSG00000218208,ENSG00000064393,ENSG00000157483
ENSG00000112339,ENSG00000101000,ENSG00000268758,ENSG00000177144,ENSG00000127328,ENSG00000197142
ENSG00000117748,ENSG00000164292,ENSG00000260314,ENSG00000164587,ENSG00000119801,ENSG00000115008
ENSG00000173930,ENSG00000187193,ENSG00000049860,ENSG00000138606,ENSG00000205937,ENSG00000123104
ENSG00000259612,ENSG00000125148,ENSG00000178726,ENSG00000139112,ENSG00000258102,ENSG00000271503
ENSG00000187559,ENSG00000023892,ENSG00000164125,ENSG00000234589,ENSG00000100380,ENSG00000163220
ENSG00000105193,ENSG00000172349,ENSG00000100055,ENSG00000078589,ENSG00000125037,ENSG00000173482
ENSG00000149792,ENSG00000123104,ENSG00000133121,ENSG00000105928,ENSG00000119953,ENSG00000064886
ENSG00000234322,ENSG00000149131,ENSG00000071073,ENSG00000179299,ENSG00000164331,ENSG00000135636
ENSG00000198408,ENSG00000114541,ENSG00000139572,ENSG00000095370,ENSG00000103266,ENSG00000163154
ENSG00000127884,ENSG00000123329,ENSG00000185291,ENSG00000271121,ENSG00000063177,ENSG00000122122
ENSG00000156639,ENSG00000050730,ENSG00000131018,ENSG00000124813,ENSG00000104529,ENSG00000164292
ENSG00000114982,ENSG00000134516,ENSG00000104043,ENSG00000141582,ENSG00000055208,ENSG00000105808
ENSG00000154655,ENSG00000139629,ENSG00000155629,ENSG00000076003,ENSG00000120833,ENSG00000075213
ENSG00000105928,ENSG00000197321,ENSG00000175471,ENSG00000278970,ENSG00000131507,ENSG00000134531
ENSG00000149212,ENSG00000082074,ENSG00000043462,ENSG00000279483,ENSG00000118518,ENSG00000277632
ENSG00000112306,ENSG00000198876,ENSG00000134531,ENSG00000278771,ENSG00000119318,ENSG00000197321
ENSG00000124201,ENSG00000163154,ENSG00000012779,ENSG00000206965,ENSG00000105928,ENSG00000182326
ENSG00000099875,ENSG00000254415,ENSG00000162511,ENSG00000234394,ENSG00000234618,ENSG00000013810
ENSG00000071242,ENSG00000174130,ENSG00000081237,ENSG00000233913,ENSG00000184897,ENSG00000244405
ENSG00000238103,ENSG00000143546,ENSG00000261371,ENSG00000231167,ENSG00000277147,ENSG00000158481
ENSG00000197872,ENSG00000103811,ENSG00000197629,ENSG00000101849,ENSG00000218175,ENSG00000185905
ENSG00000163697,ENSG00000110934,ENSG00000271503,ENSG00000213757,ENSG00000160741,ENSG00000125148
ENSG00000146281,ENSG00000173482,ENSG00000133216,ENSG00000230204,ENSG00000130921,ENSG00000166068
ENSG00000117586,ENSG00000119772,ENSG00000146070,ENSG00000071242,ENSG00000131143,ENSG00000168234
ENSG00000133606,ENSG00000124357,ENSG00000179978,ENSG00000110944,ENSG00000145860,ENSG00000110934
ENSG00000154864,ENSG00000124731,ENSG00000174600,ENSG00000176595,ENSG00000184575,ENSG00000124357
ENSG00000156482,ENSG00000168995,ENSG00000082074,ENSG00000183458,ENSG00000165195,ENSG00000139974
ENSG00000225178,ENSG00000142185,ENSG00000134028,ENSG00000205755,ENSG00000176371,ENSG00000137628
ENSG00000004866,ENSG00000188786,ENSG00000138964,ENSG00000274276,ENSG00000144283,ENSG00000100336
ENSG00000198380,ENSG00000163739,ENSG00000139318,ENSG00000182621,ENSG00000119326,ENSG00000141458
ENSG00000135924,ENSG00000174125,ENSG00000050405,ENSG00000200488,ENSG00000115137,ENSG00000119321
ENSG00000142937,ENSG00000171051,ENSG00000171051,ENSG00000010810,ENSG00000154548,ENSG00000082074
ENSG00000089053,ENSG00000116016,ENSG00000134516,ENSG00000245904,ENSG00000134369,ENSG00000198876
ENSG00000152413,ENSG00000163874,ENSG00000159399,ENSG00000228218,ENSG00000138175,ENSG00000121064
ENSG00000204745,ENSG00000130755,ENSG00000130830,ENSG00000206596,ENSG00000232702,ENSG00000172349
ENSG00000129244,ENSG00000244405,ENSG00000163823,ENSG00000126353,ENSG00000143458,ENSG00000140749
ENSG00000234589,ENSG00000089820,ENSG00000135838,ENSG00000234498,ENSG00000157954,ENSG00000084444
ENSG00000125347,ENSG00000134215,ENSG00000142185,ENSG00000201098,ENSG00000230721,ENSG00000168918
ENSG00000173511,ENSG00000093072,ENSG00000107798,ENSG00000263934,ENSG00000104427,ENSG00000163874
ENSG00000109654,ENSG00000019169,ENSG00000104093,ENSG00000200312,ENSG00000228929,ENSG00000182541
ENSG00000100410,ENSG00000143217,ENSG00000198393,ENSG00000202538,ENSG00000137642,ENSG00000129993
ENSG00000174574,ENSG00000172716,ENSG00000087589,ENSG00000146278,ENSG00000180828,ENSG00000146376
ENSG00000131943,ENSG00000107201,ENSG00000086300,ENSG00000265185,ENSG00000198796,ENSG00000093072
ENSG00000136045,ENSG00000150636,ENSG00000239653,ENSG00000237749,ENSG00000133773,ENSG00000130755
ENSG00000101935,ENSG00000012061,ENSG00000115008,ENSG00000140105,ENSG00000166855,ENSG00000205060
ENSG00000117691,ENSG00000127419,ENSG00000111679,ENSG00000120053,ENSG00000084623,ENSG00000183762
ENSG00000162783,ENSG00000163734,ENSG00000146376,ENSG00000206588,ENSG00000253327,ENSG00000100596
ENSG00000150867,ENSG00000128294,ENSG00000186431,ENSG00000166046,ENSG00000237984,ENSG00000105383
ENSG00000136280,ENSG00000135838,ENSG00000138821,ENSG00000230979,ENSG00000130203,ENSG00000268500
ENSG00000185122,ENSG00000151715,ENSG00000116977,ENSG00000115902,ENSG00000113048,ENSG00000164125
ENSG00000108107,ENSG00000136490,ENSG00000011422,ENSG00000131378,ENSG00000198034,ENSG00000130830
ENSG00000171612,ENSG00000050405,ENSG00000251634,ENSG00000242960,ENSG00000212802,ENSG00000128294
ENSG00000173890,ENSG00000144959,ENSG00000205413,ENSG00000154153,ENSG00000197989,ENSG00000204136
ENSG00000122026,ENSG00000143851,ENSG00000198695,ENSG00000087303,ENSG00000143398,ENSG00000142961
ENSG00000220842,ENSG00000157827,ENSG00000142512,ENSG00000197461,ENSG00000152601,ENSG00000089820
ENSG00000239437,ENSG00000166689,ENSG00000154122,ENSG00000173404,ENSG00000178860,ENSG00000125810
ENSG00000164032,ENSG00000248477,ENSG00000112303,ENSG00000210077,ENSG00000068308,ENSG00000104361
ENSG00000169136,ENSG00000178726,ENSG00000153898,ENSG00000199523,ENSG00000117592,ENSG00000144959
ENSG00000102572,ENSG00000100336,ENSG00000135047,ENSG00000226221,ENSG00000003436,ENSG00000137145
ENSG00000206561,ENSG00000187630,ENSG00000135218,ENSG00000106635,ENSG00000123992,ENSG00000122729
ENSG00000166295,ENSG00000186469,ENSG00000166927,ENSG00000147852,ENSG00000224597,ENSG00000254415
ENSG00000171863,ENSG00000125753,ENSG00000112394,ENSG00000219201,ENSG00000162735,ENSG00000187630
ENSG00000136770,ENSG00000168404,ENSG00000177663,ENSG00000169733,ENSG00000049449,ENSG00000103811
ENSG00000196072,ENSG00000013810,ENSG00000157483,ENSG00000173890,ENSG00000250746,ENSG00000087253
ENSG00000104064,ENSG00000132405,ENSG00000131355,ENSG00000158615,ENSG00000213144,ENSG00000128245
ENSG00000130487,ENSG00000197142,ENSG00000178573,ENSG00000237350,ENSG00000011243,ENSG00000172716
ENSG00000124275,ENSG00000116574,ENSG00000120885,ENSG00000170989,ENSG00000113013,ENSG00000130816
ENSG00000198034,ENSG00000185722,ENSG00000154310,ENSG00000276168,ENSG00000053501,ENSG00000168995
ENSG00000135272,ENSG00000133561,ENSG00000158714,ENSG00000207392,ENSG00000149100,ENSG00000135899
ENSG00000183298,ENSG00000205060,ENSG00000138119,ENSG00000068831,ENSG00000112339,ENSG00000197442
ENSG00000099992,ENSG00000111348,ENSG00000134242,ENSG00000109787,ENSG00000114302,ENSG00000163735
ENSG00000243199,ENSG00000173706,ENSG00000172716,ENSG00000128165,ENSG00000213860,ENSG00000162946
ENSG00000111863,ENSG00000157326,ENSG00000110852,ENSG00000119950,ENSG00000065060,ENSG00000175348
ENSG00000148848,ENSG00000100596,ENSG00000112159,ENSG00000123595,ENSG00000109323,ENSG00000166501
ENSG00000159231,ENSG00000197471,ENSG00000050730,ENSG00000169418,ENSG00000177600,ENSG00000050730
ENSG00000136286,ENSG00000010295,ENSG00000183023,ENSG00000155966,ENSG00000100811,ENSG00000154783
ENSG00000160050,ENSG00000137491,ENSG00000249859,ENSG00000162772,ENSG00000229605,ENSG00000108984
ENSG00000083845,ENSG00000162946,ENSG00000140199,ENSG00000168209,ENSG00000162817,ENSG00000127914
ENSG00000201428,ENSG00000102755,ENSG00000095303,ENSG00000264940,ENSG00000049239,ENSG00000174125
ENSG00000117155,ENSG00000185291,ENSG00000210196,ENSG00000202354,ENSG00000149273,ENSG00000168404
ENSG00000235298,ENSG00000250687,ENSG00000100647,ENSG00000239911,ENSG00000172058,ENSG00000012061
ENSG00000125534,ENSG00000137752,ENSG00000196743,ENSG00000224631,ENSG00000142168,ENSG00000157827
ENSG00000111801,ENSG00000197548,ENSG00000143851,ENSG00000206675,ENSG00000106952,ENSG00000006576
ENSG00000172403,ENSG00000133574,ENSG00000133561,ENSG00000135931,ENSG00000038002,ENSG00000111348
ENSG00000173113,ENSG00000075303,ENSG00000042980,ENSG00000167969,ENSG00000099817,ENSG00000171051
ENSG00000227063,ENSG00000198829,ENSG00000171659,ENSG00000105186,ENSG00000100139,ENSG00000110911
ENSG00000196369,ENSG00000125538,ENSG00000117758,ENSG00000100889,ENSG00000147996,ENSG00000164654
ENSG00000186063,ENSG00000244482,ENSG00000250138,ENSG00000146859,ENSG00000047849,ENSG00000118515
ENSG00000132286,ENSG00000033627,ENSG00000188906,ENSG00000158292,ENSG00000213707,ENSG00000111679
ENSG00000234825,ENSG00000130830,ENSG00000168685,ENSG00000123689,ENSG00000141867,ENSG00000101695
ENSG00000198677,ENSG00000122122,ENSG00000136161,ENSG00000276966,ENSG00000130402,ENSG00000100503
ENSG00000204525,ENSG00000138190,ENSG00000175147,ENSG00000239899,ENSG00000108298,ENSG00000143217
ENSG00000242550,ENSG00000137462,,ENSG00000107130,ENSG00000111863,ENSG00000213719
ENSG00000175061,ENSG00000119321,,ENSG00000169902,ENSG00000197620,ENSG00000126821
ENSG00000167797,ENSG00000148680,,ENSG00000153814,ENSG00000231808,ENSG00000178726
ENSG00000266028,ENSG00000134531,,ENSG00000273768,ENSG00000173402,ENSG00000108439
ENSG00000127184,ENSG00000157227,,ENSG00000165030,ENSG00000196531,ENSG00000065308
ENSG00000128989,ENSG00000142961,,ENSG00000201428,ENSG00000265185,ENSG00000115828
ENSG00000260035,ENSG00000214212,,ENSG00000130522,ENSG00000160075,ENSG00000139970
ENSG00000173599,ENSG00000197249,,ENSG00000200314,ENSG00000150782,ENSG00000143851
ENSG00000118495,ENSG00000204472,,ENSG00000272941,ENSG00000136770,ENSG00000123329
ENSG00000163961,ENSG00000095303,,ENSG00000064961,ENSG00000128692,ENSG00000137841
ENSG00000102898,ENSG00000076356,,ENSG00000177169,ENSG00000204356,ENSG00000014257
ENSG00000270872,ENSG00000130816,,ENSG00000200741,ENSG00000175344,ENSG00000145781
ENSG00000180198,ENSG00000135047,,ENSG00000250182,ENSG00000225067,ENSG00000134215
ENSG00000131378,ENSG00000132514,,ENSG00000117394,ENSG00000129245,ENSG00000172575
ENSG00000112319,ENSG00000205744,,ENSG00000207005,ENSG00000169057,ENSG00000151726
ENSG00000277998,ENSG00000152503,,ENSG00000182732,ENSG00000135297,ENSG00000167613
ENSG00000231167,ENSG00000130517,,ENSG00000200087,ENSG00000138593,ENSG00000150337
ENSG00000074800,ENSG00000171700,,ENSG00000244642,ENSG00000168159,ENSG00000100280
ENSG00000250144,ENSG00000143344,,ENSG00000228502,ENSG00000227617,ENSG00000050344
ENSG00000100014,ENSG00000117009,,ENSG00000206625,ENSG00000133606,ENSG00000169896
ENSG00000197756,ENSG00000125871,,ENSG00000104635,ENSG00000121552,ENSG00000166780
ENSG00000118418,ENSG00000112799,,ENSG00000201104,ENSG00000075856,ENSG00000116977
ENSG00000152492,ENSG00000179978,,ENSG00000234741,ENSG00000115758,ENSG00000197943
ENSG00000131462,ENSG00000116977,,ENSG00000202058,ENSG00000153094,ENSG00000104299
ENSG00000119471,ENSG00000183386,,ENSG00000207389,ENSG00000231684,ENSG00000137486
ENSG00000100439,ENSG00000077420,,ENSG00000263740,ENSG00000115165,ENSG00000177663
ENSG00000224631,ENSG00000152213,,ENSG00000207513,ENSG00000145741,ENSG00000136997
ENSG00000100614,ENSG00000263528,,ENSG00000275405,ENSG00000104980,ENSG00000213614
ENSG00000128951,ENSG00000125744,,ENSG00000206585,ENSG00000143621,ENSG00000137364
ENSG00000128050,ENSG00000163171,,ENSG00000206652,ENSG00000104635,ENSG00000151715
ENSG00000026025,ENSG00000158869,,ENSG00000139514,ENSG00000227097,ENSG00000106560
ENSG00000213190,ENSG00000146376,,ENSG00000202337,ENSG00000177463,ENSG00000142185
ENSG00000267742,ENSG00000000971,,ENSG00000130940,ENSG00000269556,ENSG00000109667
ENSG00000133316,ENSG00000148655,,ENSG00000171791,ENSG00000152102,ENSG00000138190
ENSG00000080298,ENSG00000126821,,ENSG00000138166,ENSG00000164022,ENSG00000163513
ENSG00000187801,ENSG00000102921,,ENSG00000171992,ENSG00000151465,ENSG00000135047
ENSG00000135900,ENSG00000188215,,ENSG00000125945,ENSG00000166165,ENSG00000103966
ENSG00000196365,ENSG00000135052,,ENSG00000092871,ENSG00000234797,ENSG00000171659
ENSG00000065911,ENSG00000164125,,ENSG00000213885,ENSG00000204525,ENSG00000152503
ENSG00000186468,ENSG00000142405,,ENSG00000188505,ENSG00000064989,ENSG00000154451
ENSG00000234498,ENSG00000079277,,ENSG00000200795,ENSG00000260997,ENSG00000104093
ENSG00000125257,ENSG00000100055,,ENSG00000133639,ENSG00000147403,ENSG00000152229
ENSG00000158615,ENSG00000154783,,ENSG00000103257,ENSG00000245205,ENSG00000183307
ENSG00000171943,ENSG00000140931,,ENSG00000126003,ENSG00000110958,ENSG00000154310
ENSG00000105258,ENSG00000113070,,ENSG00000166016,ENSG00000134294,ENSG00000079277
ENSG00000126756,ENSG00000104361,,ENSG00000206737,ENSG00000244021,ENSG00000174130
ENSG00000162924,ENSG00000249437,,ENSG00000237493,ENSG00000236439,ENSG00000105329
ENSG00000153094,ENSG00000139970,,ENSG00000178860,ENSG00000110367,ENSG00000132405
ENSG00000197024,ENSG00000120913,,ENSG00000158457,ENSG00000122741,ENSG00000187037
ENSG00000147854,ENSG00000088827,,ENSG00000165175,ENSG00000171522,ENSG00000205744
ENSG00000122203,ENSG00000123700,,ENSG00000187840,ENSG00000100410,ENSG00000130052
ENSG00000143624,ENSG00000118855,,ENSG00000213235,ENSG00000174977,ENSG00000137491
ENSG00000145741,ENSG00000110911,,ENSG00000207142,ENSG00000196419,ENSG00000205726
ENSG00000140443,ENSG00000205413,,ENSG00000277918,ENSG00000163568,ENSG00000125744
ENSG00000099817,ENSG00000115828,,ENSG00000184897,ENSG00000125817,ENSG00000183246
ENSG00000180901,ENSG00000172575,,ENSG00000130766,ENSG00000005812,ENSG00000155465
ENSG00000204316,ENSG00000187037,,ENSG00000260035,ENSG00000115211,ENSG00000158869
ENSG00000115419,ENSG00000077232,,ENSG00000181788,ENSG00000202354,ENSG00000091831
ENSG00000226221,ENSG00000175489,,ENSG00000200494,ENSG00000071082,ENSG00000205413
ENSG00000172992,ENSG00000090659,,ENSG00000117115,ENSG00000197238,ENSG00000244482
ENSG00000152601,ENSG00000166501,,ENSG00000111181,ENSG00000200494,ENSG00000038945
ENSG00000102871,ENSG00000177469,,ENSG00000198796,ENSG00000047365,ENSG00000110841
ENSG00000156232,ENSG00000171608,,ENSG00000201955,ENSG00000118181,ENSG00000148660
ENSG00000158467,ENSG00000139505,,ENSG00000077684,ENSG00000186470,ENSG00000084764
ENSG00000104312,ENSG00000150681,,ENSG00000186665,ENSG00000054219,ENSG00000125637
ENSG00000119801,ENSG00000128245,,ENSG00000153162,ENSG00000213178,ENSG00000054965
ENSG00000113048,ENSG00000075240,,ENSG00000101255,ENSG00000142534,ENSG00000196535
ENSG00000132341,ENSG00000103196,,ENSG00000147119,ENSG00000132170,ENSG00000107798
ENSG00000112304,ENSG00000081237,,ENSG00000201822,ENSG00000108370,ENSG00000069424
ENSG00000162961,ENSG00000140859,,ENSG00000197989,ENSG00000070214,ENSG00000163932
ENSG00000092201,ENSG00000164654,,ENSG00000213741,ENSG00000180628,ENSG00000005020
ENSG00000121481,ENSG00000137845,,ENSG00000198756,ENSG00000172661,ENSG00000125753
ENSG00000168710,ENSG00000010704,,ENSG00000236468,ENSG00000196305,ENSG00000162129
ENSG00000082512,ENSG00000111679,,ENSG00000089041,ENSG00000167797,ENSG00000164983
ENSG00000115310,ENSG00000227039,,,ENSG00000240342,ENSG00000162390
ENSG00000063177,ENSG00000175538,,,ENSG00000100227,ENSG00000105738
ENSG00000234741,ENSG00000102032,,,ENSG00000175505,ENSG00000138744
ENSG00000234797,ENSG00000168016,,,ENSG00000155962,ENSG00000132514
ENSG00000176624,ENSG00000196535,,,ENSG00000277998,ENSG00000150636
ENSG00000119977,ENSG00000100280,,,ENSG00000224032,ENSG00000182134
ENSG00000175344,ENSG00000171631,,,ENSG00000238103,ENSG00000272625
ENSG00000173218,ENSG00000168918,,,ENSG00000121210,ENSG00000248905
ENSG00000060138,ENSG00000162129,,,ENSG00000187735,ENSG00000081237
ENSG00000134108,ENSG00000223799,,,ENSG00000165119,ENSG00000167208
ENSG00000154237,ENSG00000129566,,,ENSG00000239282,ENSG00000116016
ENSG00000137767,ENSG00000244682,,,ENSG00000149212,ENSG00000152213
ENSG00000112210,ENSG00000183307,,,ENSG00000233254,ENSG00000008282
ENSG00000110321,ENSG00000090376,,,ENSG00000163374,ENSG00000286646
ENSG00000117868,ENSG00000156515,,,ENSG00000201955,ENSG00000153936
ENSG00000049618,ENSG00000182134,,,ENSG00000089220,ENSG00000119772
ENSG00000013374,ENSG00000062282,,,ENSG00000161203,ENSG00000101347
ENSG00000214199,ENSG00000112195,,,ENSG00000116251,ENSG00000196139
ENSG00000117461,ENSG00000250138,,,ENSG00000153814,ENSG00000075151
ENSG00000166147,ENSG00000115271,,,ENSG00000218426,ENSG00000138119
ENSG00000213885,ENSG00000109667,,,ENSG00000135473,ENSG00000110002
ENSG00000231767,ENSG00000139436,,,ENSG00000230409,ENSG00000173221
ENSG00000145425,ENSG00000006576,,,ENSG00000113532,ENSG00000157227
ENSG00000133106,ENSG00000171777,,,ENSG00000163697,ENSG00000187764
ENSG00000239797,ENSG00000088298,,,ENSG00000018510,ENSG00000168016
ENSG00000116251,ENSG00000171115,,,ENSG00000115902,ENSG00000214212
ENSG00000147010,ENSG00000102007,,,ENSG00000180901,ENSG00000129566
ENSG00000143612,ENSG00000158714,,,ENSG00000117394,ENSG00000260314
ENSG00000236468,ENSG00000242574,,,ENSG00000236552,ENSG00000152749
ENSG00000166908,ENSG00000251634,,,ENSG00000118495,ENSG00000186517
ENSG00000240869,ENSG00000100350,,,ENSG00000135900,ENSG00000185291
ENSG00000256393,ENSG00000118308,,,ENSG00000170906,ENSG00000119655
ENSG00000117115,ENSG00000186517,,,ENSG00000130940,ENSG00000158714
ENSG00000132823,ENSG00000108691,,,ENSG00000270276,ENSG00000132274
ENSG00000173812,ENSG00000177663,,,ENSG00000164038,ENSG00000164733
ENSG00000206503,ENSG00000135452,,,ENSG00000169976,ENSG00000197548
ENSG00000038532,ENSG00000160307,,,ENSG00000213885,ENSG00000049860
ENSG00000231808,ENSG00000155850,,,ENSG00000117751,ENSG00000170921
ENSG00000105373,ENSG00000155465,,,ENSG00000178397,ENSG00000100612
ENSG00000171861,ENSG00000127084,,,ENSG00000173457,ENSG00000123643
ENSG00000136717,ENSG00000148660,,,ENSG00000124688,ENSG00000143546
ENSG00000114423,ENSG00000140749,,,ENSG00000155304,ENSG00000158488
ENSG00000143164,ENSG00000135899,,,ENSG00000139514,ENSG00000170854
ENSG00000153162,ENSG00000198951,,,ENSG00000115738,ENSG00000108691
ENSG00000158234,ENSG00000158481,,,ENSG00000234741,ENSG00000275793
ENSG00000172292,ENSG00000072135,,,ENSG00000111540,ENSG00000140931
ENSG00000219747,ENSG00000005302,,,ENSG00000010017,ENSG00000204472
ENSG00000074755,ENSG00000141252,,,ENSG00000161011,ENSG00000173706
ENSG00000230076,ENSG00000075213,,,ENSG00000233057,ENSG00000171608
ENSG00000130204,ENSG00000166401,,,ENSG00000146733,ENSG00000126001
ENSG00000154511,ENSG00000213719,,,ENSG00000110700,ENSG00000095303
ENSG00000130066,ENSG00000074660,,,ENSG00000187559,ENSG00000163110
ENSG00000172062,ENSG00000162390,,,ENSG00000118257,ENSG00000136869
ENSG00000179593,ENSG00000204577,,,ENSG00000113407,ENSG00000111199
ENSG00000196305,ENSG00000160766,,,ENSG00000173276,ENSG00000177575
ENSG00000102221,ENSG00000071073,,,ENSG00000104064,ENSG00000198951
ENSG00000084463,ENSG00000141968,,,ENSG00000272941,ENSG00000150938
ENSG00000165806,ENSG00000151726,,,ENSG00000163875,ENSG00000145416
ENSG00000099860,ENSG00000005020,,,ENSG00000207142,ENSG00000147475
ENSG00000130723,ENSG00000105483,,,ENSG00000107643,ENSG00000124942
ENSG00000071051,ENSG00000100985,,,ENSG00000104133,ENSG00000148803
ENSG00000274712,ENSG00000074964,,,ENSG00000237493,ENSG00000148655
ENSG00000136938,ENSG00000211445,,,ENSG00000048740,ENSG00000170385
ENSG00000130811,ENSG00000137841,,,ENSG00000092010,ENSG00000113070
ENSG00000100225,ENSG00000081189,,,ENSG00000154473,ENSG00000172840
ENSG00000134574,ENSG00000105329,,,ENSG00000182481,ENSG00000100055
ENSG00000167969,ENSG00000117475,,,ENSG00000123562,ENSG00000114737
ENSG00000151612,ENSG00000164741,,,ENSG00000121691,ENSG00000175087
ENSG00000137449,ENSG00000157483,,,ENSG00000078269,ENSG00000124731
ENSG00000220749,ENSG00000187210,,,ENSG00000171863,ENSG00000170542
ENSG00000138829,ENSG00000268758,,,ENSG00000026950,ENSG00000080200
ENSG00000049089,ENSG00000002586,,,ENSG00000189060,ENSG00000162073
ENSG00000213553,ENSG00000151702,,,ENSG00000132963,ENSG00000148158
ENSG00000229119,ENSG00000179304,,,ENSG00000239437,ENSG00000128340
ENSG00000196470,ENSG00000103522,,,ENSG00000140367,ENSG00000148680
ENSG00000219201,ENSG00000105808,,,ENSG00000088986,ENSG00000157326
ENSG00000089154,ENSG00000101916,,,ENSG00000026751,ENSG00000140416
ENSG00000137154,ENSG00000160746,,,ENSG00000130311,ENSG00000148400
ENSG00000163545,ENSG00000111674,,,ENSG00000126756,ENSG00000168067
ENSG00000077684,ENSG00000133246,,,ENSG00000156482,ENSG00000124466
ENSG00000205309,ENSG00000118515,,,ENSG00000162976,ENSG00000042980
ENSG00000121552,ENSG00000152749,,,ENSG00000069011,ENSG00000138964
ENSG00000271121,ENSG00000087589,,,ENSG00000234335,ENSG00000149531
ENSG00000186854,ENSG00000163736,,,ENSG00000172809,ENSG00000089177
ENSG00000114013,ENSG00000197442,,,ENSG00000023445,ENSG00000137462
ENSG00000271394,ENSG00000196209,,,ENSG00000234964,ENSG00000110031
ENSG00000261040,ENSG00000143643,,,ENSG00000160447,ENSG00000101294
ENSG00000206337,ENSG00000143226,,,ENSG00000057757,ENSG00000117091
ENSG00000131143,ENSG00000146094,,,ENSG00000000419,ENSG00000155926
ENSG00000070214,ENSG00000117533,,,ENSG00000189241,ENSG00000182158
ENSG00000131435,ENSG00000174600,,,ENSG00000168710,ENSG00000130517
ENSG00000202058,ENSG00000145416,,,ENSG00000263934,ENSG00000091592
ENSG00000136888,ENSG00000042980,,,ENSG00000275126,ENSG00000188786
ENSG00000234961,ENSG00000087266,,,ENSG00000148848,ENSG00000005059
ENSG00000136810,ENSG00000187116,,,ENSG00000137710,ENSG00000100647
ENSG00000162976,ENSG00000010610,,,ENSG00000219747,ENSG00000143119
ENSG00000002726,ENSG00000134830,,,ENSG00000173207,ENSG00000007202
ENSG00000125945,ENSG00000126001,,,ENSG00000200312,ENSG00000140199
ENSG00000229605,ENSG00000151651,,,ENSG00000153487,ENSG00000141968
ENSG00000139350,ENSG00000111199,,,ENSG00000100664,ENSG00000159348
ENSG00000278771,ENSG00000198417,,,ENSG00000133104,ENSG00000068784
ENSG00000254759,ENSG00000167186,,,ENSG00000131435,ENSG00000160209
ENSG00000162723,ENSG00000087253,,,ENSG00000144560,ENSG00000158270
ENSG00000130522,ENSG00000009790,,,ENSG00000171208,ENSG00000160746
ENSG00000145431,ENSG00000261888,,,ENSG00000177855,ENSG00000072110
ENSG00000171522,ENSG00000133216,,,ENSG00000161835,ENSG00000135678
ENSG00000204356,ENSG00000157933,,,ENSG00000261557,ENSG00000102007
ENSG00000043143,ENSG00000188554,,,ENSG00000175061,ENSG00000163947
ENSG00000177144,ENSG00000106780,,,ENSG00000164687,ENSG00000081189
ENSG00000116221,ENSG00000169896,,,ENSG00000186665,ENSG00000136490
ENSG00000185880,ENSG00000286646,,,ENSG00000119977,ENSG00000116574
ENSG00000145592,ENSG00000159348,,,ENSG00000174500,ENSG00000166689
ENSG00000146278,ENSG00000061938,,,ENSG00000250144,ENSG00000244682
ENSG00000067369,ENSG00000169220,,,ENSG00000220749,ENSG00000184988
ENSG00000018510,ENSG00000135828,,,ENSG00000224631,ENSG00000009790
ENSG00000146592,ENSG00000164951,,,ENSG00000150764,ENSG00000087589
ENSG00000230721,ENSG00000138964,,,ENSG00000105855,ENSG00000138760
ENSG00000164347,ENSG00000155926,,,ENSG00000137154,ENSG00000100985
ENSG00000078589,ENSG00000038945,,,ENSG00000206503,ENSG00000136161
ENSG00000132849,ENSG00000196139,,,ENSG00000143624,ENSG00000111331
ENSG00000099194,ENSG00000204482,,,ENSG00000124226,ENSG00000088827
ENSG00000136813,ENSG00000161800,,,ENSG00000231767,ENSG00000153015
ENSG00000087303,ENSG00000187764,,,ENSG00000249264,ENSG00000130429
ENSG00000214389,ENSG00000136250,,,ENSG00000038532,ENSG00000135828
ENSG00000089157,ENSG00000162073,,,ENSG00000150907,ENSG00000186469
ENSG00000116584,ENSG00000026297,,,ENSG00000112210,ENSG00000035862
ENSG00000062485,ENSG00000268350,,,ENSG00000100600,ENSG00000115107
ENSG00000171858,ENSG00000164054,,,ENSG00000276966,ENSG00000100504
ENSG00000256338,ENSG00000204136,,,ENSG00000099290,ENSG00000179304
ENSG00000158186,ENSG00000196123,,,ENSG00000186076,ENSG00000170667
ENSG00000120725,ENSG00000179820,,,ENSG00000143669,ENSG00000125538
ENSG00000157654,ENSG00000115107,,,ENSG00000166963,ENSG00000136167
ENSG00000182899,ENSG00000171049,,,ENSG00000115310,ENSG00000108679
ENSG00000108389,ENSG00000162711,,,ENSG00000158373,ENSG00000028277
ENSG00000102962,ENSG00000084764,,,ENSG00000234127,ENSG00000131238
ENSG00000114354,ENSG00000130222,,,ENSG00000176915,ENSG00000103490
ENSG00000244642,ENSG00000175348,,,ENSG00000104823,ENSG00000127084
ENSG00000163629,ENSG00000105122,,,ENSG00000138434,ENSG00000111145
ENSG00000184007,ENSG00000188211,,,ENSG00000270872,ENSG00000162511
ENSG00000165283,ENSG00000100503,,,ENSG00000077150,ENSG00000010704
ENSG00000118816,ENSG00000160593,,,ENSG00000141580,ENSG00000140750
ENSG00000197903,ENSG00000166780,,,ENSG00000171530,ENSG00000103522
ENSG00000134369,ENSG00000164440,,,ENSG00000113845,ENSG00000268350
ENSG00000057657,ENSG00000154310,,,ENSG00000145425,ENSG00000116455
ENSG00000100129,ENSG00000131355,,,ENSG00000090861,ENSG00000079691
ENSG00000130402,ENSG00000137145,,,ENSG00000256235,ENSG00000043462
ENSG00000177410,ENSG00000158717,,,ENSG00000166946,ENSG00000160766
ENSG00000102575,ENSG00000151208,,,ENSG00000230076,ENSG00000141252
ENSG00000117592,ENSG00000184988,,,ENSG00000062485,ENSG00000127419
ENSG00000134375,ENSG00000188313,,,ENSG00000219201,ENSG00000146094
ENSG00000108424,ENSG00000140463,,,ENSG00000129518,ENSG00000158717
ENSG00000006607,ENSG00000131979,,,ENSG00000089737,ENSG00000075240
ENSG00000131469,ENSG00000167632,,,ENSG00000153879,ENSG00000145819
ENSG00000235174,ENSG00000152804,,,ENSG00000170873,ENSG00000169398
ENSG00000048544,ENSG00000162174,,,ENSG00000137265,ENSG00000151702
ENSG00000072274,ENSG00000275793,,,ENSG00000132463,ENSG00000152359
ENSG00000168944,ENSG00000049860,,,ENSG00000152558,ENSG00000152270
ENSG00000049449,ENSG00000140968,,,ENSG00000116584,ENSG00000133216
ENSG00000164587,ENSG00000139178,,,ENSG00000171791,ENSG00000164048
ENSG00000276168,ENSG00000104093,,,ENSG00000089063,ENSG00000112303
ENSG00000121691,ENSG00000119714,,,ENSG00000166710,ENSG00000241399
ENSG00000102359,ENSG00000131042,,,ENSG00000117461,ENSG00000093144
ENSG00000069849,ENSG00000143119,,,ENSG00000245060,ENSG00000151651
ENSG00000205476,ENSG00000166340,,,ENSG00000135929,ENSG00000147168
ENSG00000227081,ENSG00000180353,,,ENSG00000196365,ENSG00000274600
ENSG00000110700,ENSG00000196628,,,ENSG00000182149,ENSG00000071073
ENSG00000163568,ENSG00000163221,,,ENSG00000110436,ENSG00000105483
ENSG00000218175,ENSG00000072694,,,ENSG00000136783,ENSG00000134242
ENSG00000136783,ENSG00000119655,,,ENSG00000113368,ENSG00000121957
ENSG00000163430,ENSG00000138821,,,ENSG00000146278,ENSG00000188211
ENSG00000166833,ENSG00000167207,,,ENSG00000140443,ENSG00000089127
ENSG00000126768,ENSG00000172936,,,ENSG00000168795,ENSG00000123836
ENSG00000170122,ENSG00000167208,,,ENSG00000164347,ENSG00000131871
ENSG00000173402,ENSG00000086730,,,ENSG00000168724,ENSG00000156515
ENSG00000092010,ENSG00000166548,,,ENSG00000044574,ENSG00000108854
ENSG00000235092,ENSG00000105738,,,ENSG00000205309,ENSG00000111674
ENSG00000047365,ENSG00000178573,,,ENSG00000143420,ENSG00000249437
ENSG00000120278,ENSG00000125633,,,ENSG00000188505,ENSG00000040933
ENSG00000070756,ENSG00000136193,,,ENSG00000164032,ENSG00000163739
ENSG00000143947,ENSG00000213614,,,ENSG00000134375,ENSG00000116711
ENSG00000170873,ENSG00000104870,,,ENSG00000179632,ENSG00000103994
ENSG00000143621,ENSG00000162894,,,ENSG00000274618,ENSG00000103319
ENSG00000124098,ENSG00000050767,,,ENSG00000145016,ENSG00000163563
ENSG00000049239,ENSG00000132359,,,ENSG00000092201,ENSG00000186635
ENSG00000196704,ENSG00000163513,,,ENSG00000196470,ENSG00000103528
ENSG00000182481,ENSG00000121064,,,ENSG00000235092,ENSG00000188641
ENSG00000035681,ENSG00000120868,,,ENSG00000067369,ENSG00000166548
ENSG00000249855,ENSG00000112303,,,ENSG00000112319,ENSG00000109743
ENSG00000110436,ENSG00000169403,,,ENSG00000233045,ENSG00000133246
ENSG00000085832,ENSG00000139974,,,ENSG00000214199,ENSG00000118308
ENSG00000166348,ENSG00000248905,,,ENSG00000134574,ENSG00000133195
ENSG00000170017,ENSG00000148926,,,ENSG00000102781,ENSG00000109911
ENSG00000064393,ENSG00000153015,,,ENSG00000029364,ENSG00000000971
ENSG00000169439,ENSG00000138760,,,ENSG00000109854,ENSG00000086300
ENSG00000166710,ENSG00000100647,,,ENSG00000120875,ENSG00000090659
ENSG00000160447,ENSG00000072062,,,ENSG00000163597,ENSG00000166340
ENSG00000188505,ENSG00000125637,,,ENSG00000213553,ENSG00000164465
ENSG00000249863,ENSG00000226137,,,ENSG00000263266,ENSG00000172936
ENSG00000155962,ENSG00000133030,,,ENSG00000109320,ENSG00000188215
ENSG00000175115,ENSG00000166523,,,ENSG00000172292,ENSG00000131979
ENSG00000110367,ENSG00000175087,,,ENSG00000145431,ENSG00000081087
ENSG00000100911,ENSG00000060558,,,ENSG00000173599,ENSG00000132334
ENSG00000123395,ENSG00000248323,,,ENSG00000154153,ENSG00000139505
ENSG00000086289,ENSG00000103528,,,ENSG00000120278,ENSG00000111731
ENSG00000057704,ENSG00000238005,,,ENSG00000111181,ENSG00000129450
ENSG00000218208,ENSG00000069424,,,ENSG00000075568,ENSG00000117475
ENSG00000240489,ENSG00000081041,,,ENSG00000173890,ENSG00000187688
ENSG00000160803,ENSG00000164983,,,ENSG00000070756,ENSG00000115204
ENSG00000176788,ENSG00000129450,,,ENSG00000169504,ENSG00000110660
ENSG00000135046,ENSG00000126860,,,ENSG00000126524,ENSG00000112195
ENSG00000135929,ENSG00000131873,,,ENSG00000124098,ENSG00000121690
ENSG00000169902,ENSG00000135363,,,ENSG00000070961,ENSG00000087266
ENSG00000070882,ENSG00000137486,,,ENSG00000171858,ENSG00000104870
ENSG00000120833,ENSG00000091106,,,ENSG00000234287,ENSG00000137845
ENSG00000177426,ENSG00000085514,,,ENSG00000137814,ENSG00000177469
ENSG00000107957,ENSG00000100365,,,ENSG00000087586,ENSG00000135723
ENSG00000197021,ENSG00000107485,,,ENSG00000108349,ENSG00000033170
ENSG00000134905,ENSG00000175806,,,ENSG00000115216,ENSG00000197249
ENSG00000197620,ENSG00000138744,,,ENSG00000137571,ENSG00000103335
ENSG00000153046,ENSG00000104972,,,ENSG00000177410,ENSG00000132205
ENSG00000106952,ENSG00000130429,,,ENSG00000159202,ENSG00000048052
ENSG00000163710,ENSG00000147168,,,ENSG00000123892,ENSG00000179978
ENSG00000101974,ENSG00000120262,,,ENSG00000078081,ENSG00000022556
ENSG00000213399,ENSG00000067182,,,ENSG00000249855,ENSG00000088298
ENSG00000088538,ENSG00000117318,,,ENSG00000227591,ENSG00000144320
ENSG00000233057,ENSG00000100504,,,ENSG00000197061,ENSG00000117758
ENSG00000113282,ENSG00000101347,,,ENSG00000126226,ENSG00000179144
ENSG00000117298,ENSG00000168234,,,ENSG00000162368,ENSG00000136205
ENSG00000126432,ENSG00000165475,,,ENSG00000182162,ENSG00000135077
ENSG00000112893,ENSG00000175066,,,ENSG00000109686,ENSG00000138658
ENSG00000074416,ENSG00000186635,,,ENSG00000180543,ENSG00000076356
ENSG00000124813,ENSG00000168067,,,ENSG00000100129,ENSG00000133561
ENSG00000245025,ENSG00000084731,,,ENSG00000125977,ENSG00000140859
ENSG00000250568,ENSG00000089177,,,ENSG00000214389,ENSG00000134802
ENSG00000068308,ENSG00000185482,,,ENSG00000147010,ENSG00000185361
ENSG00000103342,ENSG00000163947,,,ENSG00000128989,ENSG00000120868
ENSG00000061794,ENSG00000145819,,,ENSG00000234322,ENSG00000187808
ENSG00000223749,ENSG00000196954,,,ENSG00000197756,ENSG00000160255
ENSG00000118181,ENSG00000176845,,,ENSG00000130522,ENSG00000168765
ENSG00000123473,ENSG00000014257,,,ENSG00000200087,ENSG00000113916
ENSG00000095209,ENSG00000182326,,,ENSG00000236468,ENSG00000150681
ENSG00000148291,ENSG00000103005,,,ENSG00000106993,ENSG00000242574
ENSG00000112941,ENSG00000170667,,,ENSG00000092871,ENSG00000197782
ENSG00000234964,ENSG00000117758,,,ENSG00000239797,ENSG00000175806
ENSG00000130203,ENSG00000125629,,,ENSG00000138623,ENSG00000204577
ENSG00000132846,ENSG00000158270,,,ENSG00000166446,ENSG00000084234
ENSG00000047849,ENSG00000004468,,,ENSG00000105193,ENSG00000169220
ENSG00000134461,ENSG00000081087,,,ENSG00000106105,ENSG00000072518
ENSG00000185641,ENSG00000241399,,,ENSG00000105258,ENSG00000077232
ENSG00000137818,ENSG00000121297,,,ENSG00000006210,ENSG00000079263
ENSG00000070961,ENSG00000130052,,,ENSG00000117602,ENSG00000170915
ENSG00000143420,ENSG00000162745,,,ENSG00000068831,ENSG00000074660
ENSG00000182973,ENSG00000160209,,,ENSG00000136280,ENSG00000158825
ENSG00000177855,ENSG00000158825,,,ENSG00000103342,ENSG00000084731
ENSG00000175130,ENSG00000186350,,,ENSG00000169136,ENSG00000164124
ENSG00000173207,ENSG00000136869,,,ENSG00000131469,ENSG00000175538
ENSG00000138095,ENSG00000089327,,,ENSG00000084070,ENSG00000072135
ENSG00000154473,ENSG00000152229,,,ENSG00000089157,ENSG00000149781
ENSG00000181788,ENSG00000173905,,,ENSG00000215126,ENSG00000165168
ENSG00000099290,ENSG00000136167,,,ENSG00000046604,ENSG00000177628
ENSG00000169418,ENSG00000163625,,,ENSG00000100439,ENSG00000178199
ENSG00000165175,ENSG00000154229,,,ENSG00000110321,ENSG00000140968
ENSG00000068831,ENSG00000183486,,,ENSG00000130066,ENSG00000162407
ENSG00000139146,ENSG00000075151,,,ENSG00000134109,ENSG00000168675
ENSG00000181467,ENSG00000177628,,,ENSG00000080298,ENSG00000111110
ENSG00000151846,ENSG00000117643,,,ENSG00000164330,ENSG00000135052
ENSG00000245060,ENSG00000004478,,,ENSG00000052126,ENSG00000169403
ENSG00000138166,ENSG00000103490,,,ENSG00000103942,ENSG00000095970
ENSG00000025772,ENSG00000082996,,,ENSG00000125945,ENSG00000171631
ENSG00000182749,ENSG00000153936,,,ENSG00000043143,ENSG00000179163
ENSG00000115738,ENSG00000164733,,,ENSG00000128272,ENSG00000143643
ENSG00000187109,ENSG00000109103,,,ENSG00000184007,ENSG00000135838
ENSG00000144283,ENSG00000166912,,,ENSG00000139112,ENSG00000179820
ENSG00000023445,ENSG00000171659,,,ENSG00000149806,ENSG00000173905
ENSG00000141682,ENSG00000138378,,,ENSG00000160803,ENSG00000119714
ENSG00000132329,ENSG00000068001,,,ENSG00000200488,ENSG00000125630
ENSG00000120875,ENSG00000110841,,,ENSG00000152492,ENSG00000132694
ENSG00000164687,ENSG00000196502,,,ENSG00000256393,ENSG00000160883
ENSG00000101849,ENSG00000214063,,,ENSG00000145592,ENSG00000091106
ENSG00000177706,ENSG00000116473,,,ENSG00000167969,ENSG00000166912
ENSG00000263740,ENSG00000100558,,,ENSG00000170989,ENSG00000120594
ENSG00000205730,ENSG00000198805,,,ENSG00000131203,ENSG00000188811
ENSG00000103423,ENSG00000127914,,,ENSG00000256338,ENSG00000204482
ENSG00000123685,ENSG00000068784,,,ENSG00000274712,ENSG00000150637
ENSG00000172301,ENSG00000233452,,,ENSG00000162434,ENSG00000164741
ENSG00000143669,ENSG00000188305,,,ENSG00000165283,ENSG00000147202
ENSG00000107223,ENSG00000099337,,,ENSG00000114013,ENSG00000163734
ENSG00000146859,ENSG00000159346,,,ENSG00000008405,ENSG00000117533
ENSG00000078304,ENSG00000170921,,,ENSG00000185418,ENSG00000183386
ENSG00000265735,ENSG00000111331,,,ENSG00000141540,ENSG00000148180
ENSG00000101445,ENSG00000109743,,,ENSG00000090621,ENSG00000160593
ENSG00000177954,ENSG00000172954,,,ENSG00000203879,ENSG00000127603
ENSG00000229117,ENSG00000043462,,,ENSG00000180573,ENSG00000010610
ENSG00000158050,ENSG00000144681,,,ENSG00000164236,ENSG00000139132
ENSG00000102781,ENSG00000116679,,,ENSG00000182899,ENSG00000103187
ENSG00000163389,ENSG00000169413,,,ENSG00000223749,ENSG00000105122
ENSG00000075568,ENSG00000120162,,,ENSG00000102119,ENSG00000104783
ENSG00000213757,ENSG00000108439,,,ENSG00000148291,ENSG00000026297
ENSG00000214078,ENSG00000251442,,,ENSG00000148090,ENSG00000164951
ENSG00000135842,ENSG00000147454,,,ENSG00000182853,ENSG00000248477
ENSG00000132170,ENSG00000186088,,,ENSG00000031698,ENSG00000099337
ENSG00000155966,ENSG00000129675,,,ENSG00000170633,ENSG00000198805
ENSG00000153107,ENSG00000111729,,,ENSG00000141034,ENSG00000101916
ENSG00000106803,ENSG00000241839,,,ENSG00000132329,ENSG00000123700
ENSG00000263266,ENSG00000186815,,,ENSG00000102893,ENSG00000157870
ENSG00000141503,ENSG00000162511,,,ENSG00000164587,ENSG00000203739
ENSG00000153179,ENSG00000067066,,,ENSG00000234297,ENSG00000141447
ENSG00000091490,ENSG00000156642,,,ENSG00000152061,ENSG00000152804
ENSG00000137710,ENSG00000137628,,,ENSG00000163710,ENSG00000198265
ENSG00000171791,ENSG00000048052,,,ENSG00000117748,ENSG00000171115
ENSG00000149428,ENSG00000073756,,,ENSG00000126768,ENSG00000131504
ENSG00000148090,ENSG00000076928,,,ENSG00000163389,ENSG00000005302
ENSG00000152558,ENSG00000128340,,,ENSG00000059758,ENSG00000145476
ENSG00000221963,ENSG00000274600,,,ENSG00000260035,ENSG00000163625
ENSG00000213235,ENSG00000261371,,,ENSG00000117115,ENSG00000102445
ENSG00000166046,ENSG00000050344,,,ENSG00000143162,ENSG00000133030
ENSG00000123595,ENSG00000068903,,,ENSG00000132823,ENSG00000242498
ENSG00000166676,ENSG00000257093,,,ENSG00000157693,ENSG00000132436
ENSG00000182162,ENSG00000170385,,,ENSG00000197903,ENSG00000136250
ENSG00000069011,ENSG00000138316,,,ENSG00000153179,ENSG00000143344
ENSG00000136003,ENSG00000164574,,,ENSG00000169439,ENSG00000163131
ENSG00000198825,ENSG00000260314,,,ENSG00000196683,ENSG00000178104
ENSG00000171862,ENSG00000203739,,,ENSG00000240869,ENSG00000142405
ENSG00000054219,ENSG00000075399,,,ENSG00000185641,ENSG00000163719
ENSG00000123130,ENSG00000185340,,,ENSG00000162723,ENSG00000107890
ENSG00000111275,ENSG00000158555,,,ENSG00000126432,ENSG00000102921
ENSG00000099968,ENSG00000119681,,,ENSG00000231167,ENSG00000013503
ENSG00000129116,ENSG00000165025,,,ENSG00000138166,ENSG00000155957
ENSG00000172817,ENSG00000132205,,,ENSG00000143878,ENSG00000162894
ENSG00000107341,ENSG00000005471,,,ENSG00000117036,ENSG00000117009
ENSG00000162496,ENSG00000205726,,,ENSG00000141503,ENSG00000005436
ENSG00000241352,ENSG00000028277,,,ENSG00000177733,ENSG00000087301
ENSG00000137265,ENSG00000152457,,,ENSG00000105866,ENSG00000164574
ENSG00000143106,ENSG00000145569,,,ENSG00000072864,ENSG00000132359
ENSG00000102524,ENSG00000054965,,,ENSG00000175197,ENSG00000115271
ENSG00000130255,ENSG00000242048,,,ENSG00000253341,ENSG00000085514
ENSG00000102893,ENSG00000008282,,,ENSG00000179855,ENSG00000257354
ENSG00000118257,ENSG00000136997,,,ENSG00000166295,ENSG00000123146
ENSG00000279483,ENSG00000229391,,,ENSG00000149428,ENSG00000056050
ENSG00000228502,ENSG00000254087,,,ENSG00000136104,ENSG00000251634
ENSG00000128918,ENSG00000150510,,,ENSG00000057657,ENSG00000143333
ENSG00000116161,ENSG00000116990,,,ENSG00000135924,ENSG00000171777
ENSG00000177311,ENSG00000267534,,,ENSG00000146281,ENSG00000136141
ENSG00000205755,ENSG00000204054,,,ENSG00000108424,ENSG00000152457
ENSG00000205581,ENSG00000188641,,,ENSG00000136938,ENSG00000173846
ENSG00000149100,ENSG00000170458,,,ENSG00000164463,ENSG00000263528
ENSG00000121966,ENSG00000151117,,,ENSG00000185880,ENSG00000188554
ENSG00000130940,ENSG00000183246,,,ENSG00000104312,ENSG00000061938
ENSG00000162434,ENSG00000108854,,,ENSG00000137818,ENSG00000126860
ENSG00000011523,ENSG00000120594,,,ENSG00000166676,ENSG00000090487
ENSG00000157657,ENSG00000179241,,,ENSG00000100376,ENSG00000185305
ENSG00000099204,ENSG00000134802,,,ENSG00000143575,ENSG00000122986
ENSG00000152061,ENSG00000102879,,,ENSG00000163961,ENSG00000102780
ENSG00000239899,ENSG00000153071,,,ENSG00000111275,ENSG00000146192
ENSG00000145016,ENSG00000187796,,,ENSG00000241429,ENSG00000171700
ENSG00000089220,ENSG00000140368,,,ENSG00000173812,ENSG00000115020
ENSG00000176903,ENSG00000142227,,,ENSG00000177426,ENSG00000183621
ENSG00000072864,ENSG00000115318,,,ENSG00000035681,ENSG00000159082
ENSG00000107021,ENSG00000111110,,,ENSG00000089053,ENSG00000100350
ENSG00000006210,ENSG00000145911,,,ENSG00000242550,ENSG00000105771
ENSG00000179855,ENSG00000143183,,,ENSG00000196704,ENSG00000106443
ENSG00000260997,ENSG00000155099,,,ENSG00000078589,ENSG00000125629
ENSG00000173457,ENSG00000140199,,,ENSG00000156639,ENSG00000120913
ENSG00000136104,ENSG00000065308,,,ENSG00000100592,ENSG00000077420
ENSG00000165030,ENSG00000103043,,,ENSG00000135046,ENSG00000198837
ENSG00000117036,ENSG00000135677,,,ENSG00000158186,ENSG00000235106
ENSG00000138074,ENSG00000010327,,,ENSG00000202058,ENSG00000188559
ENSG00000143878,ENSG00000182158,,,ENSG00000205581,ENSG00000019169
ENSG00000008405,ENSG00000141447,,,ENSG00000187109,ENSG00000117643
ENSG00000198168,ENSG00000105609,,,ENSG00000156411,ENSG00000254469
ENSG00000173598,ENSG00000109861,,,ENSG00000118816,ENSG00000008869
ENSG00000166446,ENSG00000162591,,,ENSG00000201428,ENSG00000167895
ENSG00000135378,ENSG00000095383,,,ENSG00000146859,ENSG00000111846
ENSG00000119523,ENSG00000215458,,,ENSG00000085832,ENSG00000013288
ENSG00000104133,ENSG00000175040,,,ENSG00000113282,ENSG00000261371
ENSG00000184831,ENSG00000163932,,,ENSG00000131378,ENSG00000137726
ENSG00000197111,ENSG00000147202,,,ENSG00000057704,ENSG00000250138
ENSG00000180228,ENSG00000106246,,,ENSG00000130208,ENSG00000157933
ENSG00000009307,ENSG00000171867,,,ENSG00000125733,ENSG00000137752
ENSG00000121210,ENSG00000185222,,,ENSG00000143947,ENSG00000104774
ENSG00000250182,ENSG00000148400,,,ENSG00000171862,ENSG00000221995
ENSG00000104823,ENSG00000152359,,,ENSG00000198825,ENSG00000125871
ENSG00000187239,ENSG00000119865,,,ENSG00000139146,ENSG00000143226
ENSG00000160293,ENSG00000100612,,,ENSG00000177144,ENSG00000050767
ENSG00000213949,ENSG00000111145,,,ENSG00000073111,ENSG00000140263
ENSG00000120063,ENSG00000123643,,,ENSG00000134108,ENSG00000250687
ENSG00000171604,ENSG00000131759,,,ENSG00000160293,ENSG00000139178
ENSG00000166128,ENSG00000184500,,,ENSG00000271121,ENSG00000128284
ENSG00000137571,ENSG00000160255,,,ENSG00000107021,ENSG00000079482
ENSG00000026751,ENSG00000162889,,,ENSG00000151846,ENSG00000164402
ENSG00000203875,ENSG00000197943,,,ENSG00000130255,ENSG00000138670
ENSG00000160445,ENSG00000105656,,,ENSG00000181788,ENSG00000102032
ENSG00000078081,ENSG00000170542,,,ENSG00000197872,ENSG00000159388
ENSG00000113368,ENSG00000152291,,,ENSG00000254759,ENSG00000144681
ENSG00000109320,ENSG00000076067,,,ENSG00000177954,ENSG00000074696
ENSG00000140105,ENSG00000101294,,,ENSG00000160445,ENSG00000127080
ENSG00000156508,ENSG00000090520,,,ENSG00000171604,ENSG00000186088
ENSG00000157693,ENSG00000125952,,,ENSG00000173598,ENSG00000079950
ENSG00000103942,ENSG00000164048,,,ENSG00000168944,ENSG00000163328
ENSG00000170485,ENSG00000263753,,,ENSG00000196787,ENSG00000125304
ENSG00000196205,ENSG00000103160,,,ENSG00000069849,ENSG00000102879
ENSG00000184349,ENSG00000144802,,,ENSG00000181467,ENSG00000135426
ENSG00000026950,ENSG00000103042,,,ENSG00000271394,ENSG00000198959
ENSG00000233476,ENSG00000132535,,,ENSG00000213949,ENSG00000171049
ENSG00000008394,ENSG00000168421,,,ENSG00000119508,ENSG00000111729
ENSG00000075223,ENSG00000127507,,,ENSG00000227081,ENSG00000154229
ENSG00000084774,ENSG00000198265,,,ENSG00000135931,ENSG00000226137
ENSG00000046604,ENSG00000165092,,,ENSG00000107341,ENSG00000106266
ENSG00000167468,ENSG00000140497,,,ENSG00000102359,ENSG00000173638
ENSG00000115758,ENSG00000168994,,,ENSG00000169418,ENSG00000140678
ENSG00000132463,ENSG00000159788,,,ENSG00000158615,ENSG00000163624
ENSG00000134470,ENSG00000248429,,,ENSG00000116161,ENSG00000239213
ENSG00000138623,ENSG00000134769,,,ENSG00000166128,ENSG00000090376
ENSG00000163964,ENSG00000128284,,,ENSG00000099204,ENSG00000172469
ENSG00000186470,ENSG00000091157,,,ENSG00000229119,ENSG00000064115
ENSG00000113719,ENSG00000181409,,,ENSG00000082512,ENSG00000122861
ENSG00000141456,ENSG00000257354,,,ENSG00000078304,ENSG00000187116
ENSG00000150764,ENSG00000166479,,,ENSG00000084463,ENSG00000095383
ENSG00000159200,ENSG00000103335,,,ENSG00000155966,ENSG00000160789
ENSG00000143162,ENSG00000173638,,,ENSG00000123130,ENSG00000010295
ENSG00000107130,ENSG00000165168,,,ENSG00000011523,ENSG00000185477
ENSG00000095015,ENSG00000196476,,,ENSG00000279483,ENSG00000120885
ENSG00000125733,ENSG00000157870,,,ENSG00000102524,ENSG00000059769
ENSG00000133639,ENSG00000163131,,,ENSG00000009307,ENSG00000226981
ENSG00000135931,ENSG00000196083,,,ENSG00000141682,ENSG00000074855
ENSG00000131203,ENSG00000128016,,,ENSG00000112941,ENSG00000076928
ENSG00000130208,ENSG00000125505,,,ENSG00000153162,ENSG00000172985
ENSG00000100592,ENSG00000163110,,,ENSG00000095015,ENSG00000079819
ENSG00000119508,ENSG00000260231,,,ENSG00000187239,ENSG00000103043
ENSG00000162772,ENSG00000122729,,,ENSG00000239899,ENSG00000068903
ENSG00000147119,ENSG00000186522,,,ENSG00000244642,ENSG00000131042
ENSG00000090621,ENSG00000227825,,,ENSG00000229117,ENSG00000091157
ENSG00000156011,ENSG00000164402,,,ENSG00000205755,ENSG00000010671
ENSG00000073111,ENSG00000059377,,,ENSG00000077684,ENSG00000086730
ENSG00000164236,ENSG00000146828,,,ENSG00000124813,ENSG00000080189
ENSG00000158457,ENSG00000168675,,,ENSG00000169902,ENSG00000168994
ENSG00000119335,ENSG00000040933,,,ENSG00000176903,ENSG00000110651
ENSG00000166016,ENSG00000103319,,,ENSG00000170485,ENSG00000175198
ENSG00000161091,ENSG00000163864,,,ENSG00000240489,ENSG00000159733
ENSG00000103365,ENSG00000091592,,,ENSG00000143612,ENSG00000148288
ENSG00000101109,ENSG00000120708,,,ENSG00000213757,ENSG00000067066
ENSG00000166963,ENSG00000181444,,,ENSG00000101849,ENSG00000127507
ENSG00000150907,ENSG00000011422,,,ENSG00000065809,ENSG00000174600
ENSG00000126353,ENSG00000130589,,,ENSG00000250182,ENSG00000263753
ENSG00000064961,ENSG00000074855,,,ENSG00000156508,ENSG00000184500
ENSG00000119950,ENSG00000167925,,,ENSG00000075223,ENSG00000138080
ENSG00000168356,ENSG00000080200,,,ENSG00000121966,ENSG00000111424
ENSG00000100473,ENSG00000079819,,,ENSG00000196205,ENSG00000138031
ENSG00000083457,ENSG00000139318,,,ENSG00000138303,ENSG00000275131
ENSG00000171992,ENSG00000160883,,,ENSG00000107223,ENSG00000187210
ENSG00000106178,ENSG00000115020,,,ENSG00000161091,ENSG00000278791
ENSG00000253276,ENSG00000164828,,,ENSG00000166046,ENSG00000112799
ENSG00000070404,ENSG00000143603,,,ENSG00000140105,ENSG00000196502
,ENSG00000148158,,,ENSG00000170122,ENSG00000116701
,ENSG00000148288,,,ENSG00000008394,ENSG00000138821
,ENSG00000122986,,,ENSG00000241352,ENSG00000198417
,ENSG00000072518,,,ENSG00000159200,ENSG00000185245
,ENSG00000181191,,,ENSG00000197111,ENSG00000241839
,ENSG00000271605,,,ENSG00000198168,ENSG00000135218
,ENSG00000132694,,,ENSG00000203875,ENSG00000162711
,ENSG00000136404,,,ENSG00000123595,ENSG00000151474
,ENSG00000150637,,,ENSG00000165175,ENSG00000107882
,ENSG00000106266,,,ENSG00000233476,ENSG00000148737
,ENSG00000112851,,,ENSG00000177311,ENSG00000131873
,ENSG00000178935,,,ENSG00000153046,ENSG00000123095
,ENSG00000133805,,,ENSG00000103365,ENSG00000198964
,ENSG00000104774,,,ENSG00000213235,ENSG00000111335
,ENSG00000253522,,,ENSG00000172817,ENSG00000136816
,ENSG00000148483,,,ENSG00000278771,ENSG00000118292
,ENSG00000142459,,,ENSG00000228502,ENSG00000131374
,ENSG00000122861,,,ENSG00000184831,ENSG00000196628
,ENSG00000111731,,,ENSG00000113719,ENSG00000111726
,ENSG00000185305,,,ENSG00000136003,ENSG00000203710
,ENSG00000198561,,,ENSG00000100473,ENSG00000092036
,ENSG00000103966,,,ENSG00000168356,ENSG00000004478
,ENSG00000167566,,,ENSG00000167468,ENSG00000104419
,ENSG00000137364,,,ENSG00000149792,ENSG00000115159
,ENSG00000164086,,,ENSG00000134470,ENSG00000166562
,ENSG00000136161,,,ENSG00000276168,ENSG00000185222
,ENSG00000198689,,,ENSG00000119335,ENSG00000145725
,ENSG00000131504,,,ENSG00000165030,ENSG00000099810
,ENSG00000157107,,,ENSG00000120063,ENSG00000134830
,ENSG00000108405,,,ENSG00000158457,ENSG00000145569
,ENSG00000242498,,,ENSG00000265735,ENSG00000103042
,ENSG00000179144,,,ENSG00000253276,ENSG00000163702
,ENSG00000104974,,,ENSG00000101109,ENSG00000164187
,ENSG00000225190,,,ENSG00000166016,ENSG00000123213
,ENSG00000117153,,,ENSG00000263740,ENSG00000165025
,ENSG00000141179,,,ENSG00000156011,ENSG00000166479
,ENSG00000157601,,,ENSG00000147119,ENSG00000131355
,ENSG00000185033,,,ENSG00000162772,ENSG00000150961
,ENSG00000107798,,,ENSG00000083457,ENSG00000134910
,ENSG00000140416,,,ENSG00000126353,ENSG00000166557
,ENSG00000012779,,,ENSG00000119950,ENSG00000237765
,ENSG00000147416,,,ENSG00000106178,ENSG00000092094
,ENSG00000013288,,,ENSG00000171992,ENSG00000164440
,ENSG00000139625,,,ENSG00000133639,ENSG00000105755
,ENSG00000272625,,,ENSG00000070404,ENSG00000174938
,ENSG00000125304,,,ENSG00000064961,ENSG00000064601
,ENSG00000170791,,,ENSG00000141456,ENSG00000103196
,ENSG00000204044,,,ENSG00000107130,ENSG00000163823
,ENSG00000197782,,,,ENSG00000189144
,ENSG00000114737,,,,ENSG00000167632
,ENSG00000204310,,,,ENSG00000159399
,ENSG00000198964,,,,ENSG00000081665
,ENSG00000104783,,,,ENSG00000000938
,ENSG00000117091,,,,ENSG00000100311
,ENSG00000132669,,,,ENSG00000187554
,ENSG00000164603,,,,ENSG00000155850
,ENSG00000239998,,,,ENSG00000205302
,ENSG00000185477,,,,ENSG00000101928
,ENSG00000171155,,,,ENSG00000143786
,ENSG00000132334,,,,ENSG00000103018
,ENSG00000134242,,,,ENSG00000196141
,ENSG00000102445,,,,ENSG00000262370
,ENSG00000275131,,,,ENSG00000185862
,ENSG00000171428,,,,ENSG00000145911
,ENSG00000148175,,,,ENSG00000164219
,ENSG00000160111,,,,ENSG00000054282
,ENSG00000235106,,,,ENSG00000217325
,ENSG00000143337,,,,ENSG00000143924
,ENSG00000276758,,,,ENSG00000132256
,ENSG00000198853,,,,ENSG00000100365
,ENSG00000115204,,,,ENSG00000135540
,ENSG00000137038,,,,ENSG00000198561
,ENSG00000100311,,,,ENSG00000187098
,ENSG00000100181,,,,ENSG00000107736
,ENSG00000185361,,,,ENSG00000002586
,ENSG00000163162,,,,ENSG00000115840
,ENSG00000110031,,,,ENSG00000117448
,ENSG00000064115,,,,ENSG00000196083
,ENSG00000110057,,,,ENSG00000031081
,ENSG00000133704,,,,ENSG00000166401
,ENSG00000084234,,,,ENSG00000187796
,ENSG00000183621,,,,ENSG00000110057
,ENSG00000126705,,,,ENSG00000121281
,ENSG00000136205,,,,ENSG00000150540
,ENSG00000164465,,,,ENSG00000074964
,ENSG00000188042,,,,ENSG00000273749
,ENSG00000103994,,,,ENSG00000153214
,ENSG00000176542,,,,ENSG00000141349
,ENSG00000182511,,,,ENSG00000175727
,ENSG00000213203,,,,ENSG00000163913
,ENSG00000059804,,,,ENSG00000156711
,ENSG00000169230,,,,ENSG00000129675
,ENSG00000111364,,,,ENSG00000163864
,ENSG00000088256,,,,ENSG00000105609
,ENSG00000168476,,,,ENSG00000243364
,ENSG00000008869,,,,ENSG00000126882
,ENSG00000112394,,,,ENSG00000095585
,ENSG00000104299,,,,ENSG00000175040
,ENSG00000163823,,,,ENSG00000204044
,ENSG00000107819,,,,ENSG00000110880
,ENSG00000008256,,,,ENSG00000115841
,ENSG00000178226,,,,ENSG00000233452
,ENSG00000133121,,,,ENSG00000248429
,ENSG00000182782,,,,ENSG00000116171
,ENSG00000137496,,,,ENSG00000179331
,ENSG00000139132,,,,ENSG00000163565
,ENSG00000068024,,,,ENSG00000150054
,ENSG00000135077,,,,ENSG00000138642
,ENSG00000104738,,,,ENSG00000066084
,ENSG00000069869,,,,ENSG00000160229
,ENSG00000143067,,,,ENSG00000101811
,ENSG00000084444,,,,ENSG00000157601
,ENSG00000164442,,,,ENSG00000156587
,ENSG00000134851,,,,ENSG00000142686
,ENSG00000163219,,,,ENSG00000157107
,ENSG00000116406,,,,ENSG00000184216
,ENSG00000154451,,,,ENSG00000169230
,ENSG00000168389,,,,ENSG00000129317
,ENSG00000162923,,,,ENSG00000182782
,ENSG00000139437,,,,ENSG00000011422
,ENSG00000198837,,,,ENSG00000062716
,ENSG00000121281,,,,ENSG00000145685
,ENSG00000150961,,,,ENSG00000266709
,ENSG00000149929,,,,ENSG00000205133
,ENSG00000068400,,,,ENSG00000184730
,ENSG00000093144,,,,ENSG00000162889
,ENSG00000110013,,,,ENSG00000196743
,ENSG00000178104,,,,ENSG00000256029
,ENSG00000113916,,,,ENSG00000071246
,ENSG00000204103,,,,ENSG00000213064
,ENSG00000251624,,,,ENSG00000151117
,ENSG00000111424,,,,ENSG00000261971
,ENSG00000172932,,,,ENSG00000120162
,ENSG00000185989,,,,ENSG00000138496
,ENSG00000132541,,,,ENSG00000268758
,ENSG00000179331,,,,ENSG00000171365
,ENSG00000154262,,,,ENSG00000253522
,ENSG00000166527,,,,ENSG00000076067
,ENSG00000017260,,,,ENSG00000176542
,ENSG00000100023,,,,ENSG00000123384
,ENSG00000115159,,,,ENSG00000158161
,ENSG00000133812,,,,ENSG00000113648
,ENSG00000159082,,,,ENSG00000163219
,ENSG00000138801,,,,ENSG00000129226
,ENSG00000120318,,,,ENSG00000174004
,ENSG00000135678,,,,ENSG00000175489
,ENSG00000138670,,,,ENSG00000178904
,ENSG00000105499,,,,ENSG00000211445
,ENSG00000215861,,,,ENSG00000138801
,ENSG00000113269,,,,ENSG00000189420
,ENSG00000157350,,,,ENSG00000140497
,ENSG00000184730,,,,ENSG00000168438
,ENSG00000187808,,,,ENSG00000133048
,ENSG00000062716,,,,ENSG00000163754
,ENSG00000168769,,,,ENSG00000092929
,ENSG00000144136,,,,ENSG00000121297
,ENSG00000135218,,,,ENSG00000177058
,ENSG00000074370,,,,ENSG00000178127
,ENSG00000167895,,,,ENSG00000180891
,ENSG00000187554,,,,ENSG00000178695
,ENSG00000157036,,,,ENSG00000251442
,ENSG00000156787,,,,ENSG00000146828
,ENSG00000145476,,,,ENSG00000072694
,ENSG00000129993,,,,ENSG00000176531
,ENSG00000128228,,,,ENSG00000197020
,ENSG00000197405,,,,ENSG00000153898
,ENSG00000163719,,,,ENSG00000135677
,ENSG00000172578,,,,ENSG00000167637
,ENSG00000106066,,,,ENSG00000142347
,ENSG00000153208,,,,ENSG00000267575
,ENSG00000180316,,,,ENSG00000104884
,ENSG00000005882,,,,ENSG00000178573
,ENSG00000145781,,,,ENSG00000125952
,ENSG00000143387,,,,ENSG00000106246
,ENSG00000172375,,,,ENSG00000143337
,ENSG00000186407,,,,ENSG00000117090
,ENSG00000149781,,,,ENSG00000072401
,ENSG00000203710,,,,ENSG00000082781
,ENSG00000198189,,,,ENSG00000160307
,ENSG00000126822,,,,ENSG00000090674
,ENSG00000165801,,,,ENSG00000204104
,ENSG00000133195,,,,ENSG00000104972
,ENSG00000151474,,,,ENSG00000021762
,ENSG00000118564,,,,ENSG00000158555
,ENSG00000178700,,,,ENSG00000125910
,ENSG00000159399,,,,ENSG00000145936
,ENSG00000100092,,,,ENSG00000038219
,ENSG00000150938,,,,ENSG00000139625
,ENSG00000169398,,,,ENSG00000164086
,ENSG00000075651,,,,ENSG00000166352
,ENSG00000148737,,,,ENSG00000138835
,ENSG00000150433,,,,ENSG00000120896
,ENSG00000112096,,,,ENSG00000011485
,ENSG00000188483,,,,ENSG00000146070
,ENSG00000205269,,,,ENSG00000139318
,ENSG00000186431,,,,ENSG00000068724
,ENSG00000179163,,,,ENSG00000143554
,ENSG00000173846,,,,ENSG00000172954
,ENSG00000170345,,,,ENSG00000136854
,ENSG00000180061,,,,ENSG00000135457
,ENSG00000140263,,,,ENSG00000165434
,ENSG00000099308,,,,ENSG00000119397
,ENSG00000169429,,,,ENSG00000088256
,ENSG00000151470,,,,ENSG00000176658
,ENSG00000167600,,,,ENSG00000183765
,ENSG00000169826,,,,ENSG00000134146
,ENSG00000131871,,,,ENSG00000116852
,ENSG00000032444,,,,
,ENSG00000277969,,,,
,ENSG00000124641,,,,
,ENSG00000010671,,,,
,ENSG00000100802,,,,
,ENSG00000151136,,,,
,ENSG00000022567,,,,
,ENSG00000162777,,,,
,ENSG00000166224,,,,
,ENSG00000142065,,,,
,ENSG00000158792,,,,
,ENSG00000273820,,,,
,ENSG00000127603,,,,
,ENSG00000095970,,,,
,ENSG00000152818,,,,
,ENSG00000145936,,,,
,ENSG00000158161,,,,
,ENSG00000221995,,,,
,ENSG00000035862,,,,
,ENSG00000112576,,,,
,ENSG00000027697,,,,
,ENSG00000204257,,,,
,ENSG00000162302,,,,
,ENSG00000155254,,,,
,ENSG00000107554,,,,
,ENSG00000069998,,,,
,ENSG00000175727,,,,
,ENSG00000185862,,,,
,ENSG00000142347,,,,
,ENSG00000082397,,,,
,ENSG00000136816,,,,
,ENSG00000080189,,,,
,ENSG00000148459,,,,
,ENSG00000079263,,,,
,ENSG00000123146,,,,
,ENSG00000169228,,,,
,ENSG00000219481,,,,
,ENSG00000235636,,,,
,ENSG00000172243,,,,
,ENSG00000197852,,,,
,ENSG00000174004,,,,
,ENSG00000177674,,,,
,ENSG00000072110,,,,
,ENSG00000127951,,,,
,ENSG00000198563,,,,
,ENSG00000021762,,,,
,ENSG00000173221,,,,
,ENSG00000144791,,,,
,ENSG00000106701,,,,
,ENSG00000188559,,,,
,ENSG00000160229,,,,
,ENSG00000197629,,,,
,ENSG00000189144,,,,
