,GeneID,chr21.geneset,s2_log2fc_500,s3_log2fc_500,s8_log2fc_500,s2_log2fc_100,s3_log2fc_100,s8_log2fc_100
ENSG00000011422,PLAUR,down,-3.229841981,-2.630133964,-4.042851538,-1.639339157,-1.555044736,-3.150490687
ENSG00000012779,ALOX5,down,-2.381421213,-1.836631285,-2.730107072,-1.16885235,-0.675096384,-2.936066482
ENSG00000033627,ATP6V0A1,down,-2.535780352,-1.626699288,-3.641310295,-1.643555343,-1.158343184,-3.687328792
ENSG00000043462,LCP2,down,-3.03303718,-3.211623078,-5.192640315,-2.50683285,-2.864930715,-4.683869349
ENSG00000049860,HEXB,down,-1.24753687,-1.77651547,-2.140573451,-1.517605456,-0.862287886,-1.54192855
ENSG00000071073,MGAT4A,down,-2.429013524,-2.572215478,-3.021447046,-2.014742473,-1.903145858,-3.615037797
ENSG00000072694,FCGR2B,down,-4.163672308,-3.983566358,-7.46884642,-3.255978656,-2.839759049,-6.826808923
ENSG00000075151,EIF4G3,down,-0.987965881,-1.249071344,-2.747747231,-1.279170138,-1.183884221,-2.615182035
ENSG00000081237,PTPRC,down,-1.280019181,-1.879306705,-1.952779669,-1.308705479,-1.29338733,-1.68331153
ENSG00000082074,FYB1,down,-2.196322101,-3.439797435,-3.651629077,-1.69792643,-2.834704994,-2.50179694
ENSG00000086300,SNX10,down,-1.408603387,-1.407268915,-2.653060249,-0.966570305,-0.887454798,-1.449906993
ENSG00000087589,CASS4,down,-4.005844217,-2.160097069,-5.253779263,-2.855149023,-1.496125732,-5.781666767
ENSG00000100055,CYTH4,down,-3.75660552,-2.766721338,-4.709370559,-1.907524266,-2.207490834,-4.804298657
ENSG00000100647,SUSD6,down,-1.82330365,-2.587200203,-1.941480889,-1.749468446,-1.916378837,-2.062193012
ENSG00000101347,SAMHD1,down,-2.734857688,-2.586124662,-4.632952946,-1.98158445,-1.845182278,-3.74990735
ENSG00000104043,ATP8B4,down,-2.821392413,-2.942196933,-4.460465279,-1.47136595,-1.701220965,-3.403390283
ENSG00000104093,DMXL2,down,-0.815513005,-0.591361967,-1.063644132,-0.617519162,-0.789120866,-0.647248038
ENSG00000104972,LILRB1,down,-4.094716078,-4.18873176,-5.493701609,-3.110642334,-2.314860931,-4.851664111
ENSG00000105383,CD33,down,-2.58582761,-2.933810354,-5.135149164,-2.721753642,-2.727881333,-3.715504088
ENSG00000107798,LIPA,down,-4.242286533,-3.499381787,-4.555102153,-3.473115251,-1.922501226,-3.963690729
ENSG00000110852,CLEC2B,down,-0.876663486,-2.183628741,-0.827670775,-0.864613489,-1.5804265,-1.279960661
ENSG00000111348,ARHGDIB,down,-3.437040349,-3.357399412,-5.253779263,-2.555124265,-1.991647793,-4.30361947
ENSG00000111679,PTPN6,down,-3.648240928,-3.164885019,-5.285427871,-2.795411717,-1.96431685,-3.885960677
ENSG00000112159,MDN1,down,-0.579579463,-0.373763654,-1.344988062,-0.17481326,-1.201590232,-1.01107286
ENSG00000112394,SLC16A10,down,-2.217555094,-1.110946211,-2.846736326,-0.66410073,0.111135898,-2.079167947
ENSG00000113070,HBEGF,down,-3.596963868,-2.575562978,-2.243274648,-3.058375814,-2.306224787,-3.008412533
ENSG00000115008,IL1A,down,-2.061378894,-0.832903259,0.466377574,-2.027379924,-0.592575111,-0.942211002
ENSG00000116977,LGALS8,down,-2.222938085,-2.656987911,-3.136444338,-1.996294038,-2.141103436,-3.157371854
ENSG00000117758,STX12,down,-0.670182011,-1.334117914,-1.316145887,-1.040884189,-0.899475046,-1.40450133
ENSG00000120885,CLU,down,0.248080983,1.562681878,0.291565693,0.579567397,2.228328228,0.632849118
ENSG00000126860,EVI2A,down,-1.653236504,-3.223241791,-4.466565479,-3.053375133,-2.07593113,-4.994452983
ENSG00000127951,FGL2,down,-4.619625176,-4.145693753,-8.473047937,-3.605525764,-3.065863493,-7.724095236
ENSG00000130830,MPP1,down,-1.706078086,-1.201721787,-2.140064654,-1.352428762,-0.526391236,-2.053242314
ENSG00000131018,SYNE1,down,-1.29553218,-0.844610442,-1.384371852,-1.108416496,-1.381138921,-0.742334355
ENSG00000131042,LILRB2,down,-2.607706545,-1.956728186,-3.355899359,-1.493537226,-1.196361019,-2.754503847
ENSG00000131355,ADGRE3,down,-2.37194167,-0.515382266,-4.877030248,-1.000907713,0.290008826,-3.01260033
ENSG00000132274,TRIM22,down,-0.369394988,-0.481600546,-1.829221292,-0.25551887,-0.225403841,-1.961891483
ENSG00000132334,PTPRE,down,-3.484888775,-3.22656076,-4.465222062,-2.970586534,-2.509812522,-4.340791798
ENSG00000132514,CLEC10A,down,-5.768551919,-4.505556836,-8.316567041,-4.399888866,-2.64571796,-8.133961162
ENSG00000133561,GIMAP6,down,-2.706283935,-3.046829257,-2.010781637,-1.231712374,-1.726864993,-2.690672235
ENSG00000133574,GIMAP4,down,-2.214924152,-1.159986219,-2.332709732,-1.217761951,-1.24288474,-1.837513623
ENSG00000134028,ADAMDEC1,down,-1.135629271,-0.475628888,-2.500791033,-0.588584598,0.744408463,-0.750950247
ENSG00000134242,PTPN22,down,-1.900430517,-1.653094286,-3.496685467,-1.78567935,-0.969693719,-2.776645458
ENSG00000134516,DOCK2,down,-1.384876494,-1.285650407,-2.387273544,-0.980862633,-1.202498804,-2.088467655
ENSG00000134531,EMP1,down,-4.454793582,-3.992704043,-6.968528603,-3.228149534,-3.96492053,-5.741528605
ENSG00000135047,CTSL,down,-2.803581137,-2.609455716,-4.377686641,-1.622740779,-1.466483266,-3.057577238
ENSG00000135218,CD36,down,-2.712978588,-2.253559699,-5.772332869,-2.48633454,-1.25552353,-5.130295372
ENSG00000135838,NPL,down,-1.22371174,-1.521346288,-0.805357954,-0.544555487,-1.675877758,-0.865096623
ENSG00000136161,RCBTB2,down,-1.44143985,-1.427919424,-1.484121436,-1.240460685,-1.020212266,-1.297087845
ENSG00000136869,TLR4,down,-3.539886307,-3.529457451,-5.494981161,-1.753814851,-1.560836011,-2.852943664
ENSG00000137462,TLR2,down,-3.57280093,-2.858553779,-4.715837983,-2.19003768,-1.712538499,-3.351334462
ENSG00000138119,MYOF,down,-4.369550402,-3.978637712,-6.360820439,-2.915495858,-3.200213668,-5.49639052
ENSG00000138821,SLC39A8,down,-2.137474201,-2.051907082,-1.499248919,-1.47009704,-1.0307873,-1.366576303
ENSG00000138964,PARVG,down,-2.419949442,-2.043384013,-2.861489397,-1.608342893,-1.35347014,-2.519012182
ENSG00000139318,DUSP6,down,-6.428570531,-6.765222745,-5.524470535,-5.119464323,-3.637903559,-6.647967784
ENSG00000140199,SLC12A6,down,-1.860115926,-1.971843541,-2.174011986,-1.677865998,-2.16645245,-2.210046394
ENSG00000140749,IGSF6,down,-3.326712416,-3.051191282,-5.780814933,-2.575406378,-1.822334069,-4.260083732
ENSG00000142185,TRPM2,down,-2.724500458,-1.744864112,-5.069675326,-1.589974612,-0.720638419,-4.842675328
ENSG00000142512,SIGLEC10,down,-2.412913451,-2.989313454,-4.625491481,-1.434196917,-1.266384523,-3.498027157
ENSG00000143119,CD53,down,-1.883015604,-1.849142724,-3.302617667,-1.876497371,-1.203288398,-2.953031063
ENSG00000143226,FCGR2A,down,-4.313821889,-3.98718308,-7.610901036,-3.014421499,-2.48700621,-5.968863539
ENSG00000143851,PTPN7,down,-0.573215557,-1.511983689,-2.037253848,-0.496318629,-1.492467792,-2.029088452
ENSG00000144959,NCEH1,down,-3.223435652,-3.809265729,-3.884505369,-2.661607413,-2.429883255,-2.947011988
ENSG00000145335,SNCA,down,-2.280019181,-2.982508276,-3.069675326,-2.638337634,-0.891714966,-1.427637829
ENSG00000146070,PLA2G7,down,-1.920624993,-1.85007132,-3.669681707,-1.092530322,-1.222266932,-3.1310738
ENSG00000146376,ARHGAP18,down,-2.013596177,-2.785740012,-3.752920041,-1.535244141,-2.094908685,-3.144435103
ENSG00000148926,ADM,down,-0.348037604,0.188751936,0.296991084,-0.091849281,1.198501526,0.095430138
ENSG00000152229,PSTPIP2,down,-1.097155123,-0.986129197,-3.637270695,-0.648118654,-0.685607016,-2.958707322
ENSG00000153898,MCOLN2,down,0.048035017,0.675174069,-1.058087352,0.639963529,1.096000013,-1.416049855
ENSG00000154122,ANKH,down,-3.896008577,-3.102007816,-5.02154283,-3.492486767,-2.406799642,-3.521524338
ENSG00000154310,TNIK,down,-2.284820167,-1.844127467,-4.043680118,-1.64313862,-1.223373875,-3.121534701
ENSG00000155629,PIK3AP1,down,-2.822753446,-3.514474339,-4.105857662,-2.029762576,-2.559010182,-3.083548084
ENSG00000155926,SLA,down,-3.112291735,-3.469071531,-4.761553031,-2.014381001,-2.228743383,-4.360523633
ENSG00000157483,MYO1E,down,-0.841189185,-0.959661729,-1.648737225,-0.559464612,-1.11137268,-1.83481321
ENSG00000159399,HK2,down,-2.03993876,-1.869236248,-1.943889753,-1.344817954,-1.385130483,-1.642577947
ENSG00000162511,LAPTM5,down,-2.845570375,-2.559561461,-3.930532646,-2.332826311,-1.819995006,-3.325969855
ENSG00000163735,CXCL5,down,-4.295094501,-2.564249247,-5.000223445,-2.581004459,-1.152322243,-3.059527633
ENSG00000163823,CCR1,down,-4.871645412,-5.032556886,-7.222322336,-3.077960771,-2.892181547,-5.065711666
ENSG00000164125,GASK1B,down,-4.432022274,-4.593384778,-4.972713596,-3.3049139,-2.304476449,-3.404676681
ENSG00000165092,ALDH1A1,down,-1.832560204,-1.293377301,-2.976565922,-1.34288175,-0.558869696,-2.749565924
ENSG00000165168,CYBB,down,-3.336347763,-3.275427807,-5.264291492,-2.656511876,-2.341782225,-3.844646416
ENSG00000166927,MS4A7,down,-3.042222066,-3.50290932,-1.883808781,-2.630022365,-2.612126738,-1.357248501
ENSG00000167613,LAIR1,down,-3.816072081,-3.135278556,-5.160528757,-3.326393627,-1.892482153,-4.033064432
ENSG00000168685,IL7R,down,-0.76700134,-0.454648418,-1.441284639,-1.006514774,-0.298459719,-1.267298592
ENSG00000169896,ITGAM,down,-4.818995476,-4.350613698,-6.557961807,-4.094851769,-2.794522902,-6.385409594
ENSG00000170345,FOS,down,-2.980458899,-3.716897097,-2.206161793,-2.327550096,-3.311113465,-2.742461537
ENSG00000172716,SLFN11,down,-1.327324895,-2.871201303,-1.523706957,-0.252683941,-2.141361245,-2.427637829
ENSG00000174600,CMKLR1,down,-3.900028628,-2.810082626,-5.362457075,-1.862654932,-1.861100681,-4.135457077
ENSG00000175471,MCTP1,down,-0.711099522,-0.820620594,-1.860728436,-0.565020956,-0.479454551,-1.409022151
ENSG00000177663,IL17RA,down,-2.043131966,-3.08902478,-1.903439251,-1.703304074,-2.548687262,-1.741623422
ENSG00000178573,MAF,down,-3.252004804,-3.1591789,-3.768095877,-1.725800475,-1.702862046,-4.126058379
ENSG00000178726,THBD,down,-3.990512563,-0.512808322,-4.625491481,-1.441940421,-0.079386008,-1.983453984
ENSG00000179630,LACC1,down,-2.205569231,-1.473148678,-2.795260692,-1.679364902,-1.037565832,-2.375615617
ENSG00000179978,NAIPP2,down,-1.425870047,-1.238705252,-3.865204813,-0.912512597,-1.306781755,-2.782594724
ENSG00000183023,SLC8A1,down,-3.252201237,-3.196198967,-5.567074795,-2.551626,-2.40646114,-5.662002892
ENSG00000185291,IL3RA,down,0.21681241,1.349688154,-1.595744138,0.584054788,1.966721526,0.247927221
ENSG00000185432,METTL7A,down,0.098492443,-1.41727218,-1.612092132,0.664225136,-0.74514762,-2.085531852
ENSG00000185862,EVI2B,down,-2.32009662,-2.502222553,-3.714813342,-3.07327469,-2.31608714,-3.598844656
ENSG00000186407,CD300E,down,-2.449944182,-1.39636469,-4.420172573,-1.223300134,0.109466119,-3.100063171
ENSG00000186431,FCAR,down,-2.260027705,-1.839114857,-3.726787613,-1.262409171,-1.128880999,-2.785189834
ENSG00000186815,TPCN1,down,-1.806521951,-1.692419239,-2.170077223,-1.344891915,-1.252113825,-3.113002227
ENSG00000187116,LILRA5,down,-1.122477904,-0.055950647,-0.949381092,0.41611015,1.334402945,0.071168028
ENSG00000188906,LRRK2,down,-0.9515823,-0.687965477,-0.62969147,-0.954006738,-0.915514059,-0.178337534
ENSG00000196743,GM2A,down,-1.877312483,-1.583707538,-2.658479893,-1.172779912,-0.71476568,-1.726186521
ENSG00000197471,SPN,down,-4.76114587,-3.864232751,-6.041930336,-3.119464323,-3.05884166,-5.792210261
ENSG00000197629,MPEG1,down,-4.262317179,-3.806431048,-7.398798922,-2.669848606,-2.248879072,-5.387527616
ENSG00000198393,ZNF26,down,-0.057626759,0.434577052,-0.843671651,-0.493947724,-0.339456174,-0.33373769
ENSG00000198695,MT-ND6,down,-2.289198607,0.569314141,-1.137517972,-1.851608665,0.09775852,-1.162905136
ENSG00000205413,SAMD9,down,-1.370621729,-1.931493598,-2.364005862,-1.407012087,-1.609704293,-2.51046426
ENSG00000239653,PSMD6-AS2,down,-0.034543146,0.767631385,-1.17224506,-0.007571443,-0.053162687,-1.318703457
ENSG00000249437,NAIP,down,-1.839930309,-1.163542352,-4.477268013,-1.689784399,-1.462487921,-3.015802762
ENSG00000250138,None,down,-4.257299104,-2.040896301,-4.708576634,-2.860730055,-2.23550521,-3.41446244
ENSG00000251634,NAIPP4,down,-1.446029132,-0.986164587,-3.77213139,-0.913972076,-1.234712303,-3.065963555
ENSG00000260314,MRC1,down,-4.443631536,-3.332955331,-6.801673113,-3.424417641,-2.57222693,-4.930816925
ENSG00000261371,PECAM1,down,-3.033266697,-2.441181324,-4.90721496,-1.995479467,-1.392880096,-3.533994222
ENSG00000268758,ADGRE4P,down,-3.23110958,-2.036728667,-2.863224449,-1.663428615,-1.711963417,-1.899258857
ENSG00000271503,CCL5,down,-0.864981681,-1.210327989,-2.427866965,-1.979374551,-0.494204236,-3.437906164
ENSG00000008710,PKD1,up,-0.033803182,0.68728906,1.249116474,0.169420952,0.269929341,1.091627039
ENSG00000010810,FYN,up,0.557541205,0.559243857,0.839523213,0.457307942,0.322477635,1.119649365
ENSG00000057704,TMCC3,up,0.260670308,1.003624287,0.821311117,0.167216776,0.92246776,0.857479607
ENSG00000064961,HMG20B,up,0.39237654,0.981804275,1.089290753,0.383216509,0.853664133,0.884672263
ENSG00000065809,FAM107B,up,0.659574594,0.52661475,0.951544562,0.179194355,0.471473552,0.914394152
ENSG00000068831,RASGRP2,up,0.610929871,0.957247545,0.976432208,0.327573476,1.021643165,0.579416929
ENSG00000071242,RPS6KA2,up,-0.121633372,0.412139663,0.559545094,0.158871163,0.227446223,0.752736122
ENSG00000076003,MCM6,up,0.171398754,-0.096172268,0.375109517,-0.048213428,-0.122099343,0.589435684
ENSG00000077684,JADE1,up,0.72736035,0.215936765,0.515287175,0.643075302,-0.086475433,0.633473685
ENSG00000078589,P2RY10,up,0.779176612,1.775505492,0.605431798,-0.09164515,1.339888484,0.723048336
ENSG00000089041,P2RX7,up,0.211833916,-0.490356016,0.678016675,0.191628985,-0.659240111,1.0114229
ENSG00000092871,RFFL,up,0.265772723,0.945025136,0.785716687,0.066060098,0.594555434,0.566681402
ENSG00000095370,SH2D3C,up,0.028103115,-0.038507733,0.670856883,0.527000098,0.417549106,0.628396206
ENSG00000099204,ABLIM1,up,0.497588398,0.98143337,0.604312835,0.116807148,0.58543469,0.329128008
ENSG00000100139,MICALL1,up,0.358314401,0.221759042,0.782255982,0.210596392,0.215869508,0.487355747
ENSG00000100889,PCK2,up,0.029644911,0.381036794,0.906957947,0.133872202,0.49443826,0.805889261
ENSG00000101255,TRIB3,up,-0.01771139,-0.700937919,1.521069527,0.047612675,-0.587424532,1.606713676
ENSG00000101849,TBL1X,up,0.03030067,0.684394191,0.204250306,-0.065997217,0.547486168,0.305064593
ENSG00000102524,TNFSF13B,up,0.448232095,0.775088885,0.513972646,0.237941869,0.732398526,0.641624833
ENSG00000103257,SLC7A5,up,-0.070664034,0.240004525,1.513631216,0.478536597,0.104774164,1.037328514
ENSG00000103495,MAZ,up,0.160090341,-0.240429345,0.367311146,0.480856566,-0.218761946,0.134460563
ENSG00000104635,SLC39A14,up,-0.240848583,-0.380301404,-0.049402931,-0.206849614,0.213585582,-0.000740174
ENSG00000105186,ANKRD27,up,0.239482543,0.458518017,0.188926833,0.122024999,0.580853795,0.203773594
ENSG00000105810,CDK6,up,0.78371048,0.799235943,1.254171672,0.370193224,0.196231352,0.965471831
ENSG00000105928,GSDME,up,-0.89097689,-0.977692497,0.662536738,0.183664064,-0.372415154,0.922487158
ENSG00000106070,GRB10,up,0.392555826,0.662187492,1.130151161,0.426041595,0.441993173,0.859893258
ENSG00000106635,BCL7B,up,0.338418025,0.535368797,0.648695454,0.339909568,0.528749606,0.514171183
ENSG00000107021,TBC1D13,up,0.322386811,1.137879072,0.880235524,0.480554248,0.969452586,0.692079541
ENSG00000107130,NCS1,up,-0.131754962,0.320372587,0.183045493,-0.341750668,0.187869181,0.044941255
ENSG00000107223,EDF1,up,0.173593156,0.808048637,0.78042207,0.036903334,0.691710998,0.637923213
ENSG00000109787,KLF3,up,0.078230428,1.133756224,0.192294753,-0.120294725,0.59083593,0.219788759
ENSG00000110944,IL23A,up,1.021644563,2.051308493,2.131398374,0.346232326,1.464175623,1.626832673
ENSG00000111181,SLC6A12,up,0.11628839,0.823963312,0.625541286,0.00237531,0.849940068,0.588011082
ENSG00000113719,ERGIC1,up,0.28337797,0.77539576,0.516124733,-0.005655188,0.801463616,0.506803055
ENSG00000115902,SLC1A4,up,0.21149333,0.288536303,0.544369655,-0.235115434,0.047224997,0.63240496
ENSG00000116212,LRRC42,up,-0.081690464,-0.159858201,1.013314039,-0.557141551,0.251253951,0.939144502
ENSG00000117115,PADI2,up,0.212954456,1.096025735,0.786563619,0.323000746,0.694101141,0.710060997
ENSG00000117298,ECE1,up,0.175476819,1.327350936,1.058819835,0.194636653,0.960866873,1.065643982
ENSG00000117394,SLC2A1,up,0.407823286,1.186514195,1.016896815,0.390777753,1.181342284,0.959179797
ENSG00000117595,IRF6,up,0.51005775,0.823265264,0.264636493,0.062102085,1.450808279,1.123772112
ENSG00000119950,MXI1,up,0.423349019,0.579264134,-0.004905071,6.41261E-05,0.490546394,0.292404462
ENSG00000120053,GOT1,up,0.337364798,-0.159858201,0.630764392,-0.120489329,-0.527531819,0.327249673
ENSG00000121552,CSTA,up,0.811941124,1.177141772,0.202574229,0.16243864,1.181279327,0.473224537
ENSG00000123595,RAB9A,up,0.701066437,1.513429377,1.111849224,0.361942801,1.49110089,0.863362438
ENSG00000123689,G0S2,up,-0.0174034,0.843954355,1.573881829,0.006785284,1.041184987,0.89204599
ENSG00000124813,RUNX2,up,0.571353581,1.686500486,0.853601244,-0.085599103,0.898442611,0.571612914
ENSG00000125945,ZNF436,up,1.069787947,1.210929773,0.977536558,0.785470075,0.854353385,1.243874704
ENSG00000126003,PLAGL2,up,-0.036093598,1.025337397,0.735652627,-0.253789185,0.683823956,0.660033509
ENSG00000126353,CCR7,up,0.324984904,1.396919833,0.826955124,-0.053745482,1.30335554,0.799058112
ENSG00000128165,ADM2,up,0.491039612,1.073582166,1.125422747,0.059687532,0.718508585,1.010865843
ENSG00000128272,ATF4,up,0.661288868,0.487822413,0.806619207,0.691504952,0.52134688,0.719683027
ENSG00000130522,JUND,up,0.14310173,0.496449646,0.975304606,0.358607426,0.633264132,0.740414758
ENSG00000130766,SESN2,up,0.336716645,0.666698287,1.719041013,0.405112622,0.409705334,1.494457638
ENSG00000130940,CASZ1,up,0.75539274,1.328809425,1.118363514,0.563107282,1.383676816,0.822573434
ENSG00000131378,RFTN1,up,0.346871622,1.004505141,0.613021618,0.345916562,0.906576062,0.468320811
ENSG00000133639,BTG1,up,0.463852578,1.09369165,0.964196097,0.386031055,1.135144692,0.93074984
ENSG00000135931,ARMC9,up,0.654604811,1.337615322,0.906593306,0.631528806,0.858770608,0.753321223
ENSG00000136938,ANP32B,up,1.163957779,0.199968266,0.311501241,1.021120053,-0.457064059,0.521894494
ENSG00000138166,DUSP5,up,0.385900522,0.545152248,0.645616002,0.397574199,0.710846538,0.664019052
ENSG00000138606,SHF,up,1.029489655,2.800899266,2.202864742,1.084128391,2.557380757,1.823207168
ENSG00000139112,GABARAPL1,up,0.22632008,-0.140028208,0.829515745,0.163981699,-0.172911977,0.678840222
ENSG00000139514,SLC7A1,up,0.182537497,0.28017326,0.648310732,-0.154802866,-0.267920716,0.522765073
ENSG00000140105,WARS1,up,0.154776705,0.22397012,0.27185153,-0.065255542,0.259376011,0.24946102
ENSG00000141582,CBX4,up,0.371896384,0.604461624,0.866931456,0.017520493,0.451926999,0.648555661
ENSG00000143575,HAX1,up,0.458079717,0.482681491,0.809381061,0.580811864,1.042325578,0.661445715
ENSG00000146278,PNRC1,up,0.454449956,1.060794876,0.672280842,0.35756285,1.056616047,0.52110504
ENSG00000146859,TMEM140,up,0.324052143,0.919817857,0.805000645,0.095326597,0.812551409,0.676063655
ENSG00000147119,CHST7,up,0.530515236,1.956165147,1.822895598,0.317833865,1.586189151,1.346905223
ENSG00000147852,VLDLR,up,0.00102444,0.720742608,1.021929074,-0.118470161,0.49097286,0.875181443
ENSG00000151846,PABPC3,up,1.302850941,-0.504460979,0.303417529,1.510525752,-0.99011867,0.638529095
ENSG00000152409,JMY,up,0.566768064,0.437956296,0.983815004,0.341309304,-0.255400819,0.871641527
ENSG00000153162,BMP6,up,0.329112746,1.54477323,0.996571029,0.148380996,0.579105528,0.930684503
ENSG00000153814,JAZF1,up,0.517296069,0.068912166,0.808503973,-0.1929812,-0.207490834,0.467359088
ENSG00000154153,RETREG1,up,0.049104416,1.433801201,1.739918068,0.379584274,1.008237857,1.674509058
ENSG00000155966,AFF2,up,0.775163735,0.994651748,0.934681079,0.120955048,0.458254322,0.149547321
ENSG00000158292,GPR153,up,0.069669607,1.084415276,1.013641837,0.645160875,0.82567603,0.852642569
ENSG00000158457,TSPAN33,up,0.350429592,0.999744278,1.009941842,0.27736195,1.027436473,0.701157873
ENSG00000158615,PPP1R15B,up,0.587582284,0.765463228,0.661588572,0.435976933,0.76776761,0.632192805
ENSG00000158747,NBL1,up,0.430474202,1.240237012,0.50635405,1.010755205,1.198874363,0.243739424
ENSG00000160200,CBS,up,0.409463307,0.673339556,0.811313406,0.360183437,0.481407262,0.759863946
ENSG00000162772,ATF3,up,0.838483272,1.137532704,1.281087034,0.327284085,1.159172845,1.145662598
ENSG00000164236,ANKRD33B,up,0.309447156,1.089582526,0.949320321,0.408835216,0.832682335,0.878279217
ENSG00000164587,RPS14,up,0.392996495,-0.082800301,0.866927933,0.595836725,0.334938834,0.649492417
ENSG00000165030,NFIL3,up,0.775858501,0.881092783,1.042957823,0.366001302,0.810716785,1.060992807
ENSG00000165175,MID1IP1,up,0.818669133,0.796223487,1.04007306,0.829599213,0.747891524,1.16195155
ENSG00000166016,ABTB2,up,0.373712552,1.193085826,1.202179,0.41530033,0.949495112,1.151218514
ENSG00000166046,TCP11L2,up,0.367227598,1.157043076,0.943546505,0.417582739,0.871409994,0.958242899
ENSG00000167965,MLST8,up,0.046540363,0.196369397,0.589005511,0.121181317,0.553198954,0.763206991
ENSG00000167969,ECI1,up,-0.000482852,0.655336079,1.128413206,0.309734574,1.067988338,0.66801441
ENSG00000168209,DDIT4,up,0.307333868,0.946338913,2.10976153,0.57965364,0.890243347,1.473015424
ENSG00000169418,NPR1,up,0.335021443,0.405863623,0.331831268,0.563648577,0.507239542,0.33559045
ENSG00000169733,RFNG,up,0.462484597,-0.534834628,0.489647353,0.246185149,0.236873337,0.59563195
ENSG00000169902,TPST1,up,0.244462217,1.638849588,0.895731734,0.060473944,2.125028672,0.79677376
ENSG00000170989,S1PR1,up,0.797027045,1.827221579,0.98630088,0.18083062,1.381759025,0.974591894
ENSG00000171791,BCL2,up,0.439279565,1.316681048,0.943032114,0.129149905,0.926663037,0.63125586
ENSG00000171792,RHNO1,up,0.123877761,0.433978299,-0.04578212,-0.129323986,0.517150382,0.303647856
ENSG00000171992,SYNPO,up,0.215790942,0.940250486,0.862393833,-0.107722362,0.830401137,0.540041711
ENSG00000173404,INSM1,up,0.27139076,2.798589105,1.408257793,0.961472632,2.62843324,1.183796883
ENSG00000173812,EIF1,up,0.781281116,0.682138842,0.941260671,0.44129199,0.664088591,0.883493168
ENSG00000173890,GPR160,up,0.893810275,1.012384834,-0.89883982,0.380886934,0.922811396,-0.375316794
ENSG00000175197,DDIT3,up,0.453953269,0.135981461,1.585831223,0.446924971,0.31334133,1.591727496
ENSG00000175505,CLCF1,up,0.047668184,1.753527447,0.735854555,-0.719951399,1.449984167,0.396039398
ENSG00000176595,KBTBD11,up,0.380892173,1.528264343,1.260616242,0.639245081,0.594569789,0.747249155
ENSG00000176903,PNMA1,up,0.454896506,0.747960771,1.063283349,0.597370787,0.924276991,1.075620031
ENSG00000177144,NUDT4B,up,0.465200515,0.071856747,0.731963115,0.895470779,-0.122752162,0.467557433
ENSG00000177169,ULK1,up,-0.015260094,0.649498882,1.060887243,0.083500723,0.467108879,0.906188849
ENSG00000178860,MSC,up,0.406673207,0.656542261,1.437553744,0.151691675,0.609250179,1.153508016
ENSG00000179299,NSUN7,up,0.502351344,1.307377349,1.094187923,0.442760792,1.066964751,1.182382129
ENSG00000181788,SIAH2,up,0.345453618,0.767352529,0.875515024,0.284581326,0.748540307,0.955454129
ENSG00000182621,PLCB1,up,0.332424056,1.303263817,0.969522562,0.41611015,0.540970399,0.297049435
ENSG00000182732,RGS6,up,0.156620573,2.022741985,1.004325255,0.065923795,0.055543572,-0.031709153
ENSG00000182899,RPL35A,up,0.599427365,0.312574981,0.783684356,0.351491967,0.416204061,0.70031979
ENSG00000183458,PKD1P3,up,-0.173539113,0.829053229,1.400300704,0.273764389,0.130677902,1.296276337
ENSG00000184897,H1-10,up,0.24272651,0.616056398,0.79586417,0.253206336,0.686187131,0.581857252
ENSG00000186665,C17orf58,up,0.188690252,0.206085699,0.644953938,-0.053375133,0.817729156,0.776796703
ENSG00000187840,EIF4EBP1,up,-0.434085478,-0.210234006,0.239869044,-0.476164908,0.049067477,0.220322759
ENSG00000188505,NCCRP1,up,0.747426112,2.963659102,0.835529878,0.50504558,2.613099915,0.71135792
ENSG00000197461,PDGFA,up,1.03032094,1.788398483,0.503791536,0.745712173,1.377471667,0.309327765
ENSG00000197989,SNHG12,up,0.261823104,0.61938629,1.137317002,0.509325756,0.741110014,1.194391998
ENSG00000198756,COLGALT2,up,0.54909626,1.069580235,1.207398533,-0.100169344,-0.771391719,1.449505423
ENSG00000198796,ALPK2,up,0.598561019,1.889053789,1.232261294,0.498871793,1.551969398,1.389766381
ENSG00000199523,RNA5SP226,up,0.297043533,-3.067438498,1.028402058,0.990989145,-3.503589683,1.264051792
ENSG00000200087,SNORA73B,up,0.192434773,-0.497513899,1.161199218,0.360880121,-0.394776558,1.001136585
ENSG00000200312,RN7SKP255,up,0.510238216,-0.142197424,1.067750826,1.076375154,0.087033382,0.759535894
ENSG00000200314,Y_RNA,up,0.090003202,-1.456250556,-0.074397736,-0.428223542,-1.998152357,0.976752426
ENSG00000200488,RN7SKP203,up,0.1428823,-0.3371787,0.614603143,0.757371605,-0.210367595,1.02885496
ENSG00000200494,Y_RNA,up,0.437779003,-1.537543916,-0.04644302,-0.29172266,-2.068136514,0.338998632
ENSG00000200741,RNA5SP161,up,0.016356085,-2.909809978,0.981833906,0.652973763,-3.322551569,1.339826504
ENSG00000200795,RNU4-1,up,0.642969919,-2.415622066,0.029860347,0.710478151,-3.055263214,0.805328832
ENSG00000201098,RNY1,up,0.182815022,-1.480386844,0.667904573,0.037390331,-1.750944606,0.784536414
ENSG00000201104,RNU6-11P,up,1.397592608,-2.269045083,1.23907738,1.169017288,-2.795104861,1.320433012
ENSG00000201428,RN7SKP71,up,0.672145623,-0.55160896,0.369490444,1.155468356,-0.568285288,0.861928839
ENSG00000201822,RNA5SP149,up,0.034423527,-2.9730102,1.485616308,0.818096488,-3.455129606,1.197745701
ENSG00000201955,RNY3P1,up,0.553673267,-1.671394447,-0.1924099,-0.19760452,-2.262020947,0.388487303
ENSG00000202058,RN7SKP80,up,0.365044743,-0.532346031,0.620782462,0.954514345,-0.40442531,0.930997983
ENSG00000202337,RNU6-8,up,1.717462294,-2.425649251,0.9953575,1.403003162,-3.151781401,1.380595714
ENSG00000202354,RNY3,up,0.283749098,-1.546684569,0.21506221,-0.367274854,-2.120110789,0.722474268
ENSG00000202538,RNU4-2,up,0.742235502,-2.806685559,0.145877759,0.555410001,-3.137210576,0.735559851
ENSG00000205755,CRLF2,up,0.391748148,1.855328202,0.731211913,0.308697808,1.621203375,0.474539613
ENSG00000206585,RNVU1-7,up,-0.408169705,-1.548756169,1.955599216,0.101504084,-1.562664522,1.20649109
ENSG00000206588,RNU1-28P,up,-0.313370066,-1.348812576,1.473502626,-0.101648244,-1.462258632,1.221297001
ENSG00000206596,RNU1-27P,up,-0.471326572,-1.513856492,1.971688438,-0.069002074,-1.576925021,1.150560554
ENSG00000206625,RNU6-1,up,1.614850614,-2.444800051,0.991066787,1.239785658,-3.086016538,1.433316482
ENSG00000206652,RNU1-1,up,-0.410788191,-1.563521958,1.943996288,0.091498497,-1.56713999,1.20349591
ENSG00000206675,RNU6-32P,up,2.027911763,-2.688170623,0.963837697,1.66153354,-3.461400505,1.51676107
ENSG00000206737,RNVU1-18,up,-0.306937729,-1.478090135,1.571394841,0.162300005,-1.501112345,1.302818656
ENSG00000206965,RNU6-5P,up,1.859209024,-2.635255405,0.947398187,1.541676185,-3.119992381,1.467207425
ENSG00000207005,RNU1-2,up,-0.409224838,-1.550607892,1.973905078,0.091105454,-1.568788134,1.187521312
ENSG00000207142,Y_RNA,up,0.364808789,-1.527746522,0.012539437,-0.393087059,-2.067896083,0.576808076
ENSG00000207389,RNU1-4,up,-0.424404391,-1.564307005,1.950080179,0.091414336,-1.569030919,1.19651196
ENSG00000207392,SNORA20,up,0.15795513,-2.090884437,0.911912637,0.174292231,-2.592921871,1.245197428
ENSG00000207513,RNU1-3,up,-0.334840516,-1.491340548,1.856084514,0.07615103,-1.548906601,1.158223477
ENSG00000209082,MT-TL1,up,0.931484925,-1.968059727,-0.08216627,0.624696772,-3.10889738,0.91895232
ENSG00000210077,MT-TV,up,1.621800425,-1.607544211,0.589669371,1.406683881,-2.636815388,1.149671099
ENSG00000213235,EEF1A1P16,up,0.318618257,-0.138811507,1.155130302,0.802234958,-0.196569547,1.658055919
ENSG00000213741,RPS29,up,-0.346016739,-0.255481215,1.212582623,0.135967322,0.42072197,0.717116597
ENSG00000213757,RPS3AP20,up,0.298881567,0.309604164,0.644835417,0.188330764,0.450914038,0.295334493
ENSG00000213853,EMP2,up,0.215790942,0.861587193,0.73287861,0.143316778,0.207546666,0.65785007
ENSG00000213885,RPL13AP7,up,0.484391096,-0.413168973,0.264654235,1.009716323,-0.263891898,0.810973103
ENSG00000218208,RPS27AP11,up,0.634250945,-0.589382847,0.543484066,1.918610491,-0.822465904,0.231325253
ENSG00000218426,None,up,0.422366182,0.135790527,0.079283464,0.656766673,0.548658317,0.315397169
ENSG00000219201,None,up,-0.154488299,0.042827508,0.297340658,0.553282439,0.2591517,0.343275097
ENSG00000224631,RPS27AP16,up,0.908487247,0.141551995,0.641464281,1.050961527,0.134250166,1.085771411
ENSG00000226067,LINC00623,up,1.144786095,1.004567046,1.268194313,0.849327666,0.975145219,1.009767483
ENSG00000226221,RPL26P19,up,0.691966443,-0.1756314,0.25796642,0.33364799,-0.126814187,0.589435684
ENSG00000227063,RPL41P1,up,0.25966924,0.518369989,0.997462357,0.557163615,0.445348185,0.769135135
ENSG00000227081,None,up,0.367004288,0.119744535,0.731420606,0.187023077,0.617449454,0.866704434
ENSG00000228218,ATF4P3,up,0.540127943,0.504675988,0.76021787,0.381315482,0.433679909,0.798074951
ENSG00000228502,EEF1A1P11,up,0.658349197,0.478862053,0.784767679,0.287003509,0.700230467,0.774791933
ENSG00000230204,FTH1P5,up,0.027084622,-0.214515786,-0.407630658,-0.295759029,-0.220378518,0.150797406
ENSG00000230979,None,up,0.045556691,0.168992833,0.460741351,-0.357155881,0.309434146,0.400683714
ENSG00000231167,YBX1P2,up,-0.039011081,-1.393154006,-1.07895314,-0.29041433,-1.694678119,-1.391111953
ENSG00000233328,PFN1P1,up,-0.414036529,-0.547658669,-0.072709386,-0.03029152,-0.076385081,0.339322505
ENSG00000233913,RPL10P9,up,0.160553411,0.321985226,0.427126986,-0.445692556,0.441036796,0.643105578
ENSG00000234297,PSIP1P1,up,-1.212904985,0.39150833,1.930324674,-1.638337634,0.290008826,1.894290266
ENSG00000234394,None,up,0.528509876,1.917143091,1.434196446,-0.513597573,1.053732398,0.740119336
ENSG00000234498,RPL13AP20,up,0.561615224,-0.378148128,0.238332791,1.025378979,-0.241284254,0.80025703
ENSG00000234589,None,up,0.118530196,-0.107518799,0.132513525,0.32513649,0.063156756,0.981001899
ENSG00000234741,GAS5,up,0.813370658,-0.180156203,1.072566117,0.667798489,-0.593481875,1.055753689
ENSG00000235508,RPS2P7,up,0.188457578,0.212925161,0.470432939,-0.071637339,0.349859436,0.908937042
ENSG00000236468,None,up,2.719980819,-0.22438603,0.851714839,3.244305416,-0.321147616,1.522321489
ENSG00000237350,CDC42P6,up,0.681091806,0.136770681,0.276298243,0.298926611,0.474768868,0.599385345
ENSG00000237493,None,up,0.255018095,-0.983438147,-0.270425454,-0.144523021,-1.415086253,0.507267143
ENSG00000237749,None,up,0.45333516,0.104301614,1.108888594,1.084128391,-0.015539526,1.111101655
ENSG00000239899,RN7SL674P,up,0.030127375,-0.0252249,0.638122877,0.976317787,-0.264376925,1.374847356
ENSG00000239911,PRKAG2-AS1,up,-0.633656135,0.631786822,1.035760949,-0.489474248,1.158461885,0.607409118
ENSG00000240342,RPS2P5,up,0.549888209,0.056087505,0.801702366,0.839984672,0.133299155,0.721865359
ENSG00000242960,FTH1P23,up,0.360967463,-0.639961786,0.076994323,0.617277293,-0.958154551,0.59186058
ENSG00000244642,RN7SL396P,up,-0.439854372,0.878547547,0.954167205,0.053342758,1.244827903,1.219229394
ENSG00000245904,BTG1-DT,up,-1.165560456,2.376160366,0.582898081,-0.723527375,2.826456498,0.493752336
ENSG00000249855,EEF1A1P19,up,0.911020064,0.034182271,0.732625006,0.783686296,0.170486947,1.087512578
ENSG00000250182,EEF1A1P13,up,0.602312339,0.491055838,0.874315474,0.358500136,0.62631618,0.909376414
ENSG00000253341,PCBP2P2,up,0.697260743,0.021606451,0.288172343,0.356015803,0.524813383,0.988157189
ENSG00000260035,None,up,0.087372946,-0.488600135,0.634123404,0.571776458,-0.58883022,0.701645188
ENSG00000262074,SNORD3B-2,up,-0.237392254,-1.337606188,1.144528766,0.751287356,-1.948525375,0.898881707
ENSG00000263266,RPS7P1,up,0.865411259,-0.291102735,0.219831291,0.797048511,0.004613983,0.712292432
ENSG00000263740,RN7SL4P,up,0.18623096,-0.077046943,0.654896712,0.872804134,0.165904076,1.015578498
ENSG00000263934,SNORD3A,up,0.184748176,-1.748769725,0.952080579,1.012938552,-2.323271326,0.808268207
ENSG00000264940,SNORD3C,up,1.037316236,-2.363272259,0.575374324,1.495184866,-2.841873277,0.847095098
ENSG00000265185,SNORD3B-1,up,-0.243872776,-1.329732337,1.078975445,0.734721315,-1.948914108,0.845644557
ENSG00000265735,RN7SL5P,up,0.385190574,-0.126864638,0.614188341,1.071695366,0.411833997,1.045883613
ENSG00000270872,SRGAP2D,up,0.450328535,0.259293135,0.392582045,0.590877166,-0.104291946,0.501461013
ENSG00000271121,NUDT4P2,up,0.641592921,-0.075211058,1.030588797,0.780163721,-0.27460503,0.657251069
ENSG00000272941,None,up,0.385316737,0.625519835,1.115618077,-0.099178822,0.075815967,1.679122171
ENSG00000273768,RNVU1-29,up,-0.472795705,-1.586087323,2.053911329,0.044227065,-1.593938211,1.183188151
ENSG00000274276,None,up,0.414044757,0.642751432,0.799473176,0.366249636,0.524885137,0.752971768
ENSG00000275405,None,up,-0.354518541,-1.482562573,1.896516011,0.085737894,-1.521856346,1.170989107
ENSG00000276966,H4C5,up,0.002914783,0.044940902,1.016288328,0.241368133,0.373817731,0.849606652
ENSG00000277918,RNVU1-28,up,-0.701617837,-1.82742082,1.835019386,0.000736906,-1.805096008,1.320529506
ENSG00000278771,RN7SL3,up,0.40802886,-0.466405205,0.335441799,0.94610586,0.075747436,0.997018278
ENSG00000278970,HEIH,up,0.635916555,0.435027824,0.775350014,0.268552962,0.677595392,0.618374569
ENSG00000279483,None,up,1.041908914,0.197064923,0.972073236,1.292109736,-0.069019198,0.587074771
